number;quantity;;;;;;;;;;;;;
-78;1;;;;;;;;;;;;;
-77;1;;;;;;;;;;;;;
-76;1;;;;;;;;;;;;;
-70;1;;;;;;;;;;;;;
-69;1;;;;;;;;;;;;;
-67;2;;;;;;;;;;;;;
-66;1;;;;;;;;;;;;;
-65;4;;;;;;;;;;;;;
-64;3;;;;;;;;;;;;;
-63;2;;;;;;;;;;;;;
-62;3;;;;;;;;;;;;;
-61;3;;;;;;;;;;;;;
-60;4;;;;;;;;;;;;;
-59;3;;;;;;;;;;;;;
-58;5;;;;;;;;;;;;;
-57;4;;;;;;;;;;;;;
-56;5;;;;;;;;;;;;;
-55;7;;;;;;;;;;;;;
-54;8;;;;;;;;;;;;;
-53;11;;;;;;;;;;;;;
-52;6;;;;;;;;;;;;;
-51;13;;;;;;;;;;;;;
-50;15;;;;;;;;;;;;;
-49;15;;;;;;;;;;;;;
-48;15;;;;;;;;;;;;;
-47;21;;;;;;;;;;;;;
-46;12;;;;;;;;;;;;;
-45;36;;;;;;;;;;;;;
-44;24;;;;;;;;;;;;;
-43;21;;;;;;;;;;;;;
-42;29;;;;;;;;;;;;;
-41;18;;;;;;;;;;;;;
-40;33;;;;;;;;;;;;;
-39;29;;;;;;;;;;;;;
-38;24;;;;;;;;;;;;;
-37;43;;;;;;;;;;;;;
-36;39;;;;;;;;;;;;;
-35;57;;;;;;;;;;;;;
-34;58;;;;;;;;;;;;;
-33;50;;;;;;;;;;;;;
-32;58;;;;;;;;;;;;;
-31;49;;;;;;;;;;;;;
-30;65;;;;;;;;;;;;;
-29;65;;;;;;;;;;;;;
-28;62;;;;;;;;;;;;;
-27;86;;;;;;;;;;;;;
-26;95;;;;;;;;;;;;;
-25;122;;;;;;;;;;;;;
-24;123;;;;;;;;;;;;;
-23;139;;;;;;;;;;;;;
-22;175;;;;;;;;;;;;;
-21;199;;;;;;;;;;;;;
-20;222;;;;;;;;;;;;;
-19;250;;;;;;;;;;;;;
-18;259;;;;;;;;;;;;;
-17;335;;;;;;;;;;;;;
-16;383;;;;;;;;;;;;;
-15;438;;;;;;;;;;;;;
-14;527;;;;;;;;;;;;;
-13;596;;;;;;;;;;;;;
-12;727;;;;;;;;;;;;;
-11;873;;;;;;;;;;;;;
-10;1008;;;;;;;;;;;;;
-9;1257;;;;;;;;;;;;;
-8;1587;;;;;;;;;;;;;
-7;1902;;;;;;;;;;;;;
-6;2416;;;;;;;;;;;;;
-5;3071;;;;;;;;;;;;;
-4;4168;;;;;;;;;;;;;
-3;6345;;;;;;;;;;;;;
-2;14768;;;;;;;;;;;;;
-1;47089;;;;;;;;;;;;;
0;85295;;;;;;;;;;;;;
1;44768;;;;;;;;;;;;;
2;14371;;;;;;;;;;;;;
3;6309;;;;;;;;;;;;;
4;4043;;;;;;;;;;;;;
5;2880;;;;;;;;;;;;;
6;2262;;;;;;;;;;;;;
7;1802;;;;;;;;;;;;;
8;1405;;;;;;;;;;;;;
9;1173;;;;;;;;;;;;;
10;947;;;;;;;;;;;;;
11;807;;;;;;;;;;;;;
12;640;;;;;;;;;;;;;
13;574;;;;;;;;;;;;;
14;439;;;;;;;;;;;;;
15;373;;;;;;;;;;;;;
16;321;;;;;;;;;;;;;
17;256;;;;;;;;;;;;;
18;257;;;;;;;;;;;;;
19;221;;;;;;;;;;;;;
20;189;;;;;;;;;;;;;
21;182;;;;;;;;;;;;;
22;152;;;;;;;;;;;;;
23;117;;;;;;;;;;;;;
24;98;;;;;;;;;;;;;
25;105;;;;;;;;;;;;;
26;100;;;;;;;;;;;;;
27;79;;;;;;;;;;;;;
28;66;;;;;;;;;;;;;
29;75;;;;;;;;;;;;;
30;64;;;;;;;;;;;;;
31;57;;;;;;;;;;;;;
32;57;;;;;;;;;;;;;
33;39;;;;;;;;;;;;;
34;51;;;;;;;;;;;;;
35;43;;;;;;;;;;;;;
36;34;;;;;;;;;;;;;
37;34;;;;;;;;;;;;;
38;35;;;;;;;;;;;;;
39;13;;;;;;;;;;;;;
40;29;;;;;;;;;;;;;
41;20;;;;;;;;;;;;;
42;29;;;;;;;;;;;;;
43;26;;;;;;;;;;;;;
44;28;;;;;;;;;;;;;
45;16;;;;;;;;;;;;;
46;17;;;;;;;;;;;;;
47;11;;;;;;;;;;;;;
48;13;;;;;;;;;;;;;
49;14;;;;;;;;;;;;;
50;10;;;;;;;;;;;;;
51;8;;;;;;;;;;;;;
52;11;;;;;;;;;;;;;
53;10;;;;;;;;;;;;;
54;8;;;;;;;;;;;;;
55;4;;;;;;;;;;;;;
56;5;;;;;;;;;;;;;
57;6;;;;;;;;;;;;;
58;4;;;;;;;;;;;;;
59;2;;;;;;;;;;;;;
60;3;;;;;;;;;;;;;
61;7;;;;;;;;;;;;;
62;3;;;;;;;;;;;;;
63;3;;;;;;;;;;;;;
64;2;;;;;;;;;;;;;
65;2;;;;;;;;;;;;;
66;1;;;;;;;;;;;;;
68;2;;;;;;;;;;;;;
69;4;;;;;;;;;;;;;
71;1;;;;;;;;;;;;;
73;1;;;;;;;;;;;;;
76;1;;;;;;;;;;;;;
;;;;;;;;;;;;;;
-37;2;;;;;;;;;;;;;
-36;1;;;;;;;;;;;;;
-35;1;;;;;;;;;;;;;
-34;3;;;;;;;;;;;;;
-33;2;;;;;;;;;;;;;
-32;9;;;;;;;;;;;;;
-31;21;;;;;;;;;;;;;
-30;19;;;;;;;;;;;;;
-29;20;;;;;;;;;;;;;
-28;15;;;;;;;;;;;;;
-27;34;;;;;;;;;;;;;
-26;28;;;;;;;;;;;;;
-25;34;;;;;;;;;;;;;
-24;34;;;;;;;;;;;;;
-23;26;;;;;;;;;;;;;
-22;29;;;;;;;;;;;;;
-21;26;;;;;;;;;;;;;
-20;32;;;;;;;;;;;;;
-19;45;;;;;;;;;;;;;
-18;52;;;;;;;;;;;;;
-17;67;;;;;;;;;;;;;
-16;86;;;;;;;;;;;;;
-15;118;;;;;;;;;;;;;
-14;133;;;;;;;;;;;;;
-13;133;;;;;;;;;;;;;
-12;164;;;;;;;;;;;;;
-11;218;;;;;;;;;;;;;
-10;306;;;;;;;;;;;;;
-9;350;;;;;;;;;;;;;
-8;486;;;;;;;;;;;;;
-7;696;;;;;;;;;;;;;
-6;979;;;;;;;;;;;;;
-5;1710;;;;;;;;;;;;;
-4;3306;;;;;;;;;;;;;
-3;7666;;;;;;;;;;;;;
-2;17523;;;;;;;;;;;;;
-1;35233;;;;;;;;;;;;;
0;124201;;;;;;;;;;;;;
1;34683;;;;;;;;;;;;;
2;16609;;;;;;;;;;;;;
3;7598;;;;;;;;;;;;;
4;3336;;;;;;;;;;;;;
5;1762;;;;;;;;;;;;;
6;997;;;;;;;;;;;;;
7;630;;;;;;;;;;;;;
8;451;;;;;;;;;;;;;
9;277;;;;;;;;;;;;;
10;211;;;;;;;;;;;;;
11;162;;;;;;;;;;;;;
12;126;;;;;;;;;;;;;
13;83;;;;;;;;;;;;;
14;79;;;;;;;;;;;;;
15;76;;;;;;;;;;;;;
16;59;;;;;;;;;;;;;
17;43;;;;;;;;;;;;;
18;41;;;;;;;;;;;;;
19;34;;;;;;;;;;;;;
20;18;;;;;;;;;;;;;
21;11;;;;;;;;;;;;;
22;9;;;;;;;;;;;;;
23;5;;;;;;;;;;;;;
24;8;;;;;;;;;;;;;
25;2;;;;;;;;;;;;;
27;1;;;;;;;;;;;;;
31;1;;;;;;;;;;;;;
32;1;;;;;;;;;;;;;
;;;;;;;;;;;;;;
-84;1;;;;;;;;;;;;;
-77;2;;;;;;;;;;;;;
-76;2;;;;;;;;;;;;;
-75;1;;;;;;;;;;;;;
-74;1;;;;;;;;;;;;;
-73;2;;;;;;;;;;;;;
-72;5;;;;;;;;;;;;;
-71;2;;;;;;;;;;;;;
-70;1;;;;;;;;;;;;;
-69;1;;;;;;;;;;;;;
-68;3;;;;;;;;;;;;;
-67;3;;;;;;;;;;;;;
-65;2;;;;;;;;;;;;;
-64;5;;;;;;;;;;;;;
-63;2;;;;;;;;;;;;;
-62;4;;;;;;;;;;;;;
-61;3;;;;;;;;;;;;;
-60;6;;;;;;;;;;;;;
-59;3;;;;;;;;;;;;;
-58;5;;;;;;;;;;;;;
-57;2;;;;;;;;;;;;;
-56;5;;;;;;;;;;;;;
-55;3;;;;;;;;;;;;;
-54;6;;;;;;;;;;;;;
-53;8;;;;;;;;;;;;;
-52;18;;;;;;;;;;;;;
-51;11;;;;;;;;;;;;;
-50;8;;;;;;;;;;;;;
-49;13;;;;;;;;;;;;;
-48;17;;;;;;;;;;;;;
-47;19;;;;;;;;;;;;;
-46;23;;;;;;;;;;;;;
-45;32;;;;;;;;;;;;;
-44;33;;;;;;;;;;;;;
-43;27;;;;;;;;;;;;;
-42;35;;;;;;;;;;;;;
-41;37;;;;;;;;;;;;;
-40;54;;;;;;;;;;;;;
-39;57;;;;;;;;;;;;;
-38;67;;;;;;;;;;;;;
-37;65;;;;;;;;;;;;;
-36;77;;;;;;;;;;;;;
-35;82;;;;;;;;;;;;;
-34;95;;;;;;;;;;;;;
-33;99;;;;;;;;;;;;;
-32;101;;;;;;;;;;;;;
-31;125;;;;;;;;;;;;;
-30;146;;;;;;;;;;;;;
-29;165;;;;;;;;;;;;;
-28;151;;;;;;;;;;;;;
-27;204;;;;;;;;;;;;;
-26;208;;;;;;;;;;;;;
-25;197;;;;;;;;;;;;;
-24;256;;;;;;;;;;;;;
-23;249;;;;;;;;;;;;;
-22;291;;;;;;;;;;;;;
-21;309;;;;;;;;;;;;;
-20;343;;;;;;;;;;;;;
-19;383;;;;;;;;;;;;;
-18;406;;;;;;;;;;;;;
-17;458;;;;;;;;;;;;;
-16;526;;;;;;;;;;;;;
-15;618;;;;;;;;;;;;;
-14;727;;;;;;;;;;;;;
-13;769;;;;;;;;;;;;;
-12;938;;;;;;;;;;;;;
-11;1101;;;;;;;;;;;;;
-10;1340;;;;;;;;;;;;;
-9;1664;;;;;;;;;;;;;
-8;2055;;;;;;;;;;;;;
-7;2662;;;;;;;;;;;;;
-6;3656;;;;;;;;;;;;;
-5;5370;;;;;;;;;;;;;
-4;8029;;;;;;;;;;;;;
-3;13117;;;;;;;;;;;;;
-2;22246;;;;;;;;;;;;;
-1;35755;;;;;;;;;;;;;
0;43405;;;;;;;;;;;;;
1;37196;;;;;;;;;;;;;
2;24116;;;;;;;;;;;;;
3;14265;;;;;;;;;;;;;
4;8990;;;;;;;;;;;;;
5;5863;;;;;;;;;;;;;
6;4143;;;;;;;;;;;;;
7;3056;;;;;;;;;;;;;
8;2300;;;;;;;;;;;;;
9;1874;;;;;;;;;;;;;
10;1524;;;;;;;;;;;;;
11;1212;;;;;;;;;;;;;
12;934;;;;;;;;;;;;;
13;841;;;;;;;;;;;;;
14;711;;;;;;;;;;;;;
15;629;;;;;;;;;;;;;
16;517;;;;;;;;;;;;;
17;473;;;;;;;;;;;;;
18;429;;;;;;;;;;;;;
19;344;;;;;;;;;;;;;
20;304;;;;;;;;;;;;;
21;288;;;;;;;;;;;;;
22;241;;;;;;;;;;;;;
23;229;;;;;;;;;;;;;
24;204;;;;;;;;;;;;;
25;199;;;;;;;;;;;;;
26;146;;;;;;;;;;;;;
27;133;;;;;;;;;;;;;
28;110;;;;;;;;;;;;;
29;90;;;;;;;;;;;;;
30;104;;;;;;;;;;;;;
31;90;;;;;;;;;;;;;
32;82;;;;;;;;;;;;;
33;67;;;;;;;;;;;;;
34;46;;;;;;;;;;;;;
35;56;;;;;;;;;;;;;
36;48;;;;;;;;;;;;;
37;34;;;;;;;;;;;;;
38;33;;;;;;;;;;;;;
39;23;;;;;;;;;;;;;
40;30;;;;;;;;;;;;;
41;25;;;;;;;;;;;;;
42;19;;;;;;;;;;;;;
43;15;;;;;;;;;;;;;
44;19;;;;;;;;;;;;;
45;11;;;;;;;;;;;;;
46;10;;;;;;;;;;;;;
47;13;;;;;;;;;;;;;
48;9;;;;;;;;;;;;;
49;11;;;;;;;;;;;;;
50;10;;;;;;;;;;;;;
51;6;;;;;;;;;;;;;
52;4;;;;;;;;;;;;;
53;10;;;;;;;;;;;;;
54;4;;;;;;;;;;;;;
55;5;;;;;;;;;;;;;
56;3;;;;;;;;;;;;;
57;4;;;;;;;;;;;;;
58;3;;;;;;;;;;;;;
59;3;;;;;;;;;;;;;
60;1;;;;;;;;;;;;;
61;4;;;;;;;;;;;;;
63;1;;;;;;;;;;;;;
64;5;;;;;;;;;;;;;
65;3;;;;;;;;;;;;;
66;2;;;;;;;;;;;;;
67;4;;;;;;;;;;;;;
68;5;;;;;;;;;;;;;
69;1;;;;;;;;;;;;;
70;3;;;;;;;;;;;;;
73;3;;;;;;;;;;;;;
74;3;;;;;;;;;;;;;
75;2;;;;;;;;;;;;;
76;4;;;;;;;;;;;;;
77;1;;;;;;;;;;;;;
78;3;;;;;;;;;;;;;
87;1;;;;;;;;;;;;;
;;;;;;;;;;;;;;
-89;1;;;;;;;;;;;;;
-82;1;;;;;;;;;;;;;
-81;1;;;;;;;;;;;;;
-72;1;;;;;;;;;;;;;
-70;1;;;;;;;;;;;;;
-69;2;;;;;;;;;;;;;
-68;5;;;;;;;;;;;;;
-67;1;;;;;;;;;;;;;
-66;1;;;;;;;;;;;;;
-65;2;;;;;;;;;;;;;
-64;5;;;;;;;;;;;;;
-63;6;;;;;;;;;;;;;
-62;3;;;;;;;;;;;;;
-61;7;;;;;;;;;;;;;
-60;11;;;;;;;;;;;;;
-59;12;;;;;;;;;;;;;
-58;12;;;;;;;;;;;;;
-57;12;;;;;;;;;;;;;
-56;9;;;;;;;;;;;;;
-55;19;;;;;;;;;;;;;
-54;20;;;;;;;;;;;;;
-53;23;;;;;;;;;;;;;
-52;29;;;;;;;;;;;;;
-51;30;;;;;;;;;;;;;
-50;26;;;;;;;;;;;;;
-49;30;;;;;;;;;;;;;
-48;37;;;;;;;;;;;;;
-47;40;;;;;;;;;;;;;
-46;44;;;;;;;;;;;;;
-45;67;;;;;;;;;;;;;
-44;57;;;;;;;;;;;;;
-43;66;;;;;;;;;;;;;
-42;80;;;;;;;;;;;;;
-41;100;;;;;;;;;;;;;
-40;97;;;;;;;;;;;;;
-39;105;;;;;;;;;;;;;
-38;108;;;;;;;;;;;;;
-37;133;;;;;;;;;;;;;
-36;162;;;;;;;;;;;;;
-35;159;;;;;;;;;;;;;
-34;173;;;;;;;;;;;;;
-33;226;;;;;;;;;;;;;
-32;247;;;;;;;;;;;;;
-31;252;;;;;;;;;;;;;
-30;288;;;;;;;;;;;;;
-29;290;;;;;;;;;;;;;
-28;376;;;;;;;;;;;;;
-27;389;;;;;;;;;;;;;
-26;438;;;;;;;;;;;;;
-25;516;;;;;;;;;;;;;
-24;564;;;;;;;;;;;;;
-23;636;;;;;;;;;;;;;
-22;699;;;;;;;;;;;;;
-21;832;;;;;;;;;;;;;
-20;937;;;;;;;;;;;;;
-19;1106;;;;;;;;;;;;;
-18;1294;;;;;;;;;;;;;
-17;1466;;;;;;;;;;;;;
-16;1675;;;;;;;;;;;;;
-15;1999;;;;;;;;;;;;;
-14;2236;;;;;;;;;;;;;
-13;2707;;;;;;;;;;;;;
-12;3231;;;;;;;;;;;;;
-11;3616;;;;;;;;;;;;;
-10;4332;;;;;;;;;;;;;
-9;5078;;;;;;;;;;;;;
-8;6109;;;;;;;;;;;;;
-7;7013;;;;;;;;;;;;;
-6;8320;;;;;;;;;;;;;
-5;9522;;;;;;;;;;;;;
-4;10871;;;;;;;;;;;;;
-3;12418;;;;;;;;;;;;;
-2;14413;;;;;;;;;;;;;
-1;16869;;;;;;;;;;;;;
0;17914;;;;;;;;;;;;;
1;16991;;;;;;;;;;;;;
2;14496;;;;;;;;;;;;;
3;12630;;;;;;;;;;;;;
4;10968;;;;;;;;;;;;;
5;9445;;;;;;;;;;;;;
6;7940;;;;;;;;;;;;;
7;6879;;;;;;;;;;;;;
8;5888;;;;;;;;;;;;;
9;4878;;;;;;;;;;;;;
10;4132;;;;;;;;;;;;;
11;3432;;;;;;;;;;;;;
12;2949;;;;;;;;;;;;;
13;2581;;;;;;;;;;;;;
14;2177;;;;;;;;;;;;;
15;1725;;;;;;;;;;;;;
16;1465;;;;;;;;;;;;;
17;1382;;;;;;;;;;;;;
18;1241;;;;;;;;;;;;;
19;964;;;;;;;;;;;;;
20;927;;;;;;;;;;;;;
21;834;;;;;;;;;;;;;
22;763;;;;;;;;;;;;;
23;612;;;;;;;;;;;;;
24;543;;;;;;;;;;;;;
25;471;;;;;;;;;;;;;
26;461;;;;;;;;;;;;;
27;379;;;;;;;;;;;;;
28;324;;;;;;;;;;;;;
29;280;;;;;;;;;;;;;
30;294;;;;;;;;;;;;;
31;267;;;;;;;;;;;;;
32;248;;;;;;;;;;;;;
33;203;;;;;;;;;;;;;
34;164;;;;;;;;;;;;;
35;180;;;;;;;;;;;;;
36;125;;;;;;;;;;;;;
37;139;;;;;;;;;;;;;
38;124;;;;;;;;;;;;;
39;127;;;;;;;;;;;;;
40;111;;;;;;;;;;;;;
41;79;;;;;;;;;;;;;
42;86;;;;;;;;;;;;;
43;73;;;;;;;;;;;;;
44;49;;;;;;;;;;;;;
45;57;;;;;;;;;;;;;
46;48;;;;;;;;;;;;;
47;38;;;;;;;;;;;;;
48;40;;;;;;;;;;;;;
49;41;;;;;;;;;;;;;
50;36;;;;;;;;;;;;;
51;42;;;;;;;;;;;;;
52;20;;;;;;;;;;;;;
53;27;;;;;;;;;;;;;
54;16;;;;;;;;;;;;;
55;23;;;;;;;;;;;;;
56;18;;;;;;;;;;;;;
57;12;;;;;;;;;;;;;
58;14;;;;;;;;;;;;;
59;11;;;;;;;;;;;;;
60;10;;;;;;;;;;;;;
61;7;;;;;;;;;;;;;
62;7;;;;;;;;;;;;;
63;10;;;;;;;;;;;;;
64;4;;;;;;;;;;;;;
65;7;;;;;;;;;;;;;
66;5;;;;;;;;;;;;;
67;6;;;;;;;;;;;;;
68;2;;;;;;;;;;;;;
70;2;;;;;;;;;;;;;
71;1;;;;;;;;;;;;;
72;3;;;;;;;;;;;;;
73;2;;;;;;;;;;;;;
74;1;;;;;;;;;;;;;
75;1;;;;;;;;;;;;;
76;1;;;;;;;;;;;;;
77;1;;;;;;;;;;;;;
78;1;;;;;;;;;;;;;
84;1;;;;;;;;;;;;;
87;1;;;;;;;;;;;;;
88;1;;;;;;;;;;;;;
91;1;;;;;;;;;;;;;
;;;;;;;;;;;;;;
-102;1;;;;;;;;;;;;;
-93;4;;;;;;;;;;;;;
-91;2;;;;;;;;;;;;;
-89;1;;;;;;;;;;;;;
-88;1;;;;;;;;;;;;;
-87;2;;;;;;;;;;;;;
-86;1;;;;;;;;;;;;;
-85;1;;;;;;;;;;;;;
-84;3;;;;;;;;;;;;;
-83;2;;;;;;;;;;;;;
-80;1;;;;;;;;;;;;;
-79;2;;;;;;;;;;;;;
-78;2;;;;;;;;;;;;;
-77;1;;;;;;;;;;;;;
-76;2;;;;;;;;;;;;;
-75;4;;;;;;;;;;;;;
-74;4;;;;;;;;;;;;;
-73;4;;;;;;;;;;;;;
-72;3;;;;;;;;;;;;;
-71;2;;;;;;;;;;;;;
-70;3;;;;;;;;;;;;;
-69;6;;;;;;;;;;;;;
-68;4;;;;;;;;;;;;;
-67;3;;;;;;;;;;;;;
-66;5;;;;;;;;;;;;;
-65;4;;;;;;;;;;;;;
-64;8;;;;;;;;;;;;;
-63;6;;;;;;;;;;;;;
-62;4;;;;;;;;;;;;;
-61;10;;;;;;;;;;;;;
-60;10;;;;;;;;;;;;;
-59;8;;;;;;;;;;;;;
-58;15;;;;;;;;;;;;;
-57;7;;;;;;;;;;;;;
-56;15;;;;;;;;;;;;;
-55;11;;;;;;;;;;;;;
-54;17;;;;;;;;;;;;;
-53;12;;;;;;;;;;;;;
-52;13;;;;;;;;;;;;;
-51;14;;;;;;;;;;;;;
-50;14;;;;;;;;;;;;;
-49;14;;;;;;;;;;;;;
-48;22;;;;;;;;;;;;;
-47;16;;;;;;;;;;;;;
-46;12;;;;;;;;;;;;;
-45;19;;;;;;;;;;;;;
-44;22;;;;;;;;;;;;;
-43;23;;;;;;;;;;;;;
-42;32;;;;;;;;;;;;;
-41;25;;;;;;;;;;;;;
-40;26;;;;;;;;;;;;;
-39;36;;;;;;;;;;;;;
-38;31;;;;;;;;;;;;;
-37;34;;;;;;;;;;;;;
-36;40;;;;;;;;;;;;;
-35;47;;;;;;;;;;;;;
-34;30;;;;;;;;;;;;;
-33;44;;;;;;;;;;;;;
-32;57;;;;;;;;;;;;;
-31;74;;;;;;;;;;;;;
-30;54;;;;;;;;;;;;;
-29;54;;;;;;;;;;;;;
-28;68;;;;;;;;;;;;;
-27;85;;;;;;;;;;;;;
-26;67;;;;;;;;;;;;;
-25;92;;;;;;;;;;;;;
-24;97;;;;;;;;;;;;;
-23;91;;;;;;;;;;;;;
-22;129;;;;;;;;;;;;;
-21;125;;;;;;;;;;;;;
-20;136;;;;;;;;;;;;;
-19;158;;;;;;;;;;;;;
-18;134;;;;;;;;;;;;;
-17;192;;;;;;;;;;;;;
-16;197;;;;;;;;;;;;;
-15;221;;;;;;;;;;;;;
-14;252;;;;;;;;;;;;;
-13;324;;;;;;;;;;;;;
-12;382;;;;;;;;;;;;;
-11;432;;;;;;;;;;;;;
-10;517;;;;;;;;;;;;;
-9;694;;;;;;;;;;;;;
-8;942;;;;;;;;;;;;;
-7;1234;;;;;;;;;;;;;
-6;1803;;;;;;;;;;;;;
-5;2340;;;;;;;;;;;;;
-4;3101;;;;;;;;;;;;;
-3;3942;;;;;;;;;;;;;
-2;5027;;;;;;;;;;;;;
-1;5556;;;;;;;;;;;;;
0;5983;;;;;;;;;;;;;
1;5499;;;;;;;;;;;;;
2;4995;;;;;;;;;;;;;
3;4100;;;;;;;;;;;;;
4;3258;;;;;;;;;;;;;
5;2542;;;;;;;;;;;;;
6;1873;;;;;;;;;;;;;
7;1372;;;;;;;;;;;;;
8;938;;;;;;;;;;;;;
9;740;;;;;;;;;;;;;
10;553;;;;;;;;;;;;;
11;439;;;;;;;;;;;;;
12;360;;;;;;;;;;;;;
13;309;;;;;;;;;;;;;
14;234;;;;;;;;;;;;;
15;219;;;;;;;;;;;;;
16;209;;;;;;;;;;;;;
17;184;;;;;;;;;;;;;
18;164;;;;;;;;;;;;;
19;151;;;;;;;;;;;;;
20;123;;;;;;;;;;;;;
21;112;;;;;;;;;;;;;
22;103;;;;;;;;;;;;;
23;89;;;;;;;;;;;;;
24;80;;;;;;;;;;;;;
25;65;;;;;;;;;;;;;
26;76;;;;;;;;;;;;;
27;62;;;;;;;;;;;;;
28;58;;;;;;;;;;;;;
29;64;;;;;;;;;;;;;
30;70;;;;;;;;;;;;;
31;35;;;;;;;;;;;;;
32;38;;;;;;;;;;;;;
33;45;;;;;;;;;;;;;
34;50;;;;;;;;;;;;;
35;47;;;;;;;;;;;;;
36;36;;;;;;;;;;;;;
37;30;;;;;;;;;;;;;
38;36;;;;;;;;;;;;;
39;30;;;;;;;;;;;;;
40;34;;;;;;;;;;;;;
41;22;;;;;;;;;;;;;
42;18;;;;;;;;;;;;;
43;27;;;;;;;;;;;;;
44;19;;;;;;;;;;;;;
45;15;;;;;;;;;;;;;
46;25;;;;;;;;;;;;;
47;14;;;;;;;;;;;;;
48;9;;;;;;;;;;;;;
49;20;;;;;;;;;;;;;
50;20;;;;;;;;;;;;;
51;12;;;;;;;;;;;;;
52;10;;;;;;;;;;;;;
53;12;;;;;;;;;;;;;
54;9;;;;;;;;;;;;;
55;9;;;;;;;;;;;;;
56;12;;;;;;;;;;;;;
57;11;;;;;;;;;;;;;
58;9;;;;;;;;;;;;;
59;9;;;;;;;;;;;;;
60;7;;;;;;;;;;;;;
61;5;;;;;;;;;;;;;
62;5;;;;;;;;;;;;;
64;12;;;;;;;;;;;;;
65;3;;;;;;;;;;;;;
67;4;;;;;;;;;;;;;
68;2;;;;;;;;;;;;;
69;4;;;;;;;;;;;;;
70;1;;;;;;;;;;;;;
72;3;;;;;;;;;;;;;
74;1;;;;;;;;;;;;;
75;1;;;;;;;;;;;;;
76;2;;;;;;;;;;;;;
78;2;;;;;;;;;;;;;
80;1;;;;;;;;;;;;;
81;1;;;;;;;;;;;;;
91;1;;;;;;;;;;;;;
95;1;;;;;;;;;;;;;
;;;;;;;;;;;;;;
-105;1;;;;;;;;;;;;;
-100;1;;;;;;;;;;;;;
-98;3;;;;;;;;;;;;;
-97;1;;;;;;;;;;;;;
-96;1;;;;;;;;;;;;;
-94;1;;;;;;;;;;;;;
-93;1;;;;;;;;;;;;;
-92;3;;;;;;;;;;;;;
-91;4;;;;;;;;;;;;;
-90;2;;;;;;;;;;;;;
-89;2;;;;;;;;;;;;;
-87;1;;;;;;;;;;;;;
-86;1;;;;;;;;;;;;;
-85;1;;;;;;;;;;;;;
-84;1;;;;;;;;;;;;;
-83;1;;;;;;;;;;;;;
-80;1;;;;;;;;;;;;;
-79;4;;;;;;;;;;;;;
-78;6;;;;;;;;;;;;;
-77;4;;;;;;;;;;;;;
-76;6;;;;;;;;;;;;;
-75;5;;;;;;;;;;;;;
-74;6;;;;;;;;;;;;;
-73;6;;;;;;;;;;;;;
-72;7;;;;;;;;;;;;;
-71;8;;;;;;;;;;;;;
-70;12;;;;;;;;;;;;;
-69;7;;;;;;;;;;;;;
-68;7;;;;;;;;;;;;;
-67;6;;;;;;;;;;;;;
-66;11;;;;;;;;;;;;;
-65;9;;;;;;;;;;;;;
-64;18;;;;;;;;;;;;;
-63;6;;;;;;;;;;;;;
-62;8;;;;;;;;;;;;;
-61;15;;;;;;;;;;;;;
-60;16;;;;;;;;;;;;;
-59;16;;;;;;;;;;;;;
-58;18;;;;;;;;;;;;;
-57;17;;;;;;;;;;;;;
-56;18;;;;;;;;;;;;;
-55;16;;;;;;;;;;;;;
-54;26;;;;;;;;;;;;;
-53;17;;;;;;;;;;;;;
-52;39;;;;;;;;;;;;;
-51;26;;;;;;;;;;;;;
-50;23;;;;;;;;;;;;;
-49;43;;;;;;;;;;;;;
-48;48;;;;;;;;;;;;;
-47;38;;;;;;;;;;;;;
-46;57;;;;;;;;;;;;;
-45;46;;;;;;;;;;;;;
-44;52;;;;;;;;;;;;;
-43;45;;;;;;;;;;;;;
-42;59;;;;;;;;;;;;;
-41;68;;;;;;;;;;;;;
-40;70;;;;;;;;;;;;;
-39;92;;;;;;;;;;;;;
-38;84;;;;;;;;;;;;;
-37;96;;;;;;;;;;;;;
-36;98;;;;;;;;;;;;;
-35;125;;;;;;;;;;;;;
-34;150;;;;;;;;;;;;;
-33;154;;;;;;;;;;;;;
-32;165;;;;;;;;;;;;;
-31;177;;;;;;;;;;;;;
-30;190;;;;;;;;;;;;;
-29;226;;;;;;;;;;;;;
-28;208;;;;;;;;;;;;;
-27;264;;;;;;;;;;;;;
-26;317;;;;;;;;;;;;;
-25;359;;;;;;;;;;;;;
-24;373;;;;;;;;;;;;;
-23;408;;;;;;;;;;;;;
-22;490;;;;;;;;;;;;;
-21;561;;;;;;;;;;;;;
-20;703;;;;;;;;;;;;;
-19;832;;;;;;;;;;;;;
-18;963;;;;;;;;;;;;;
-17;1140;;;;;;;;;;;;;
-16;1336;;;;;;;;;;;;;
-15;1719;;;;;;;;;;;;;
-14;2184;;;;;;;;;;;;;
-13;2605;;;;;;;;;;;;;
-12;3103;;;;;;;;;;;;;
-11;3792;;;;;;;;;;;;;
-10;4785;;;;;;;;;;;;;
-9;5653;;;;;;;;;;;;;
-8;6764;;;;;;;;;;;;;
-7;8052;;;;;;;;;;;;;
-6;9370;;;;;;;;;;;;;
-5;10730;;;;;;;;;;;;;
-4;11932;;;;;;;;;;;;;
-3;13128;;;;;;;;;;;;;
-2;13992;;;;;;;;;;;;;
-1;14367;;;;;;;;;;;;;
0;17863;;;;;;;;;;;;;
1;14347;;;;;;;;;;;;;
2;14035;;;;;;;;;;;;;
3;13033;;;;;;;;;;;;;
4;11978;;;;;;;;;;;;;
5;10455;;;;;;;;;;;;;
6;9211;;;;;;;;;;;;;
7;7875;;;;;;;;;;;;;
8;6625;;;;;;;;;;;;;
9;5486;;;;;;;;;;;;;
10;4492;;;;;;;;;;;;;
11;3708;;;;;;;;;;;;;
12;3113;;;;;;;;;;;;;
13;2473;;;;;;;;;;;;;
14;2038;;;;;;;;;;;;;
15;1634;;;;;;;;;;;;;
16;1330;;;;;;;;;;;;;
17;1131;;;;;;;;;;;;;
18;955;;;;;;;;;;;;;
19;822;;;;;;;;;;;;;
20;642;;;;;;;;;;;;;
21;606;;;;;;;;;;;;;
22;520;;;;;;;;;;;;;
23;433;;;;;;;;;;;;;
24;389;;;;;;;;;;;;;
25;347;;;;;;;;;;;;;
26;301;;;;;;;;;;;;;
27;271;;;;;;;;;;;;;
28;233;;;;;;;;;;;;;
29;223;;;;;;;;;;;;;
30;214;;;;;;;;;;;;;
31;176;;;;;;;;;;;;;
32;162;;;;;;;;;;;;;
33;144;;;;;;;;;;;;;
34;126;;;;;;;;;;;;;
35;110;;;;;;;;;;;;;
36;96;;;;;;;;;;;;;
37;85;;;;;;;;;;;;;
38;79;;;;;;;;;;;;;
39;67;;;;;;;;;;;;;
40;66;;;;;;;;;;;;;
41;63;;;;;;;;;;;;;
42;52;;;;;;;;;;;;;
43;63;;;;;;;;;;;;;
44;39;;;;;;;;;;;;;
45;39;;;;;;;;;;;;;
46;27;;;;;;;;;;;;;
47;43;;;;;;;;;;;;;
48;28;;;;;;;;;;;;;
49;27;;;;;;;;;;;;;
50;17;;;;;;;;;;;;;
51;18;;;;;;;;;;;;;
52;19;;;;;;;;;;;;;
53;17;;;;;;;;;;;;;
54;14;;;;;;;;;;;;;
55;16;;;;;;;;;;;;;
56;8;;;;;;;;;;;;;
57;12;;;;;;;;;;;;;
58;7;;;;;;;;;;;;;
59;12;;;;;;;;;;;;;
60;6;;;;;;;;;;;;;
61;9;;;;;;;;;;;;;
62;11;;;;;;;;;;;;;
63;5;;;;;;;;;;;;;
64;6;;;;;;;;;;;;;
65;7;;;;;;;;;;;;;
66;5;;;;;;;;;;;;;
67;1;;;;;;;;;;;;;
68;1;;;;;;;;;;;;;
69;1;;;;;;;;;;;;;
70;3;;;;;;;;;;;;;
71;4;;;;;;;;;;;;;
73;2;;;;;;;;;;;;;
74;3;;;;;;;;;;;;;
77;1;;;;;;;;;;;;;
78;1;;;;;;;;;;;;;
79;1;;;;;;;;;;;;;
80;1;;;;;;;;;;;;;
81;2;;;;;;;;;;;;;
82;1;;;;;;;;;;;;;
84;1;;;;;;;;;;;;;
85;2;;;;;;;;;;;;;
87;3;;;;;;;;;;;;;
89;1;;;;;;;;;;;;;
92;1;;;;;;;;;;;;;
93;1;;;;;;;;;;;;;
99;1;;;;;;;;;;;;;
100;1;;;;;;;;;;;;;
104;1;;;;;;;;;;;;;
114;1;;;;;;;;;;;;;
;;;;;;;;;;;;;;
-155;1;;;;;;;;;;;;;
-147;1;;;;;;;;;;;;;
-141;1;;;;;;;;;;;;;
-139;1;;;;;;;;;;;;;
-138;1;;;;;;;;;;;;;
-136;1;;;;;;;;;;;;;
-135;1;;;;;;;;;;;;;
-132;1;;;;;;;;;;;;;
-131;1;;;;;;;;;;;;;
-130;1;;;;;;;;;;;;;
-127;1;;;;;;;;;;;;;
-125;2;;;;;;;;;;;;;
-123;5;;;;;;;;;;;;;
-121;1;;;;;;;;;;;;;
-118;1;;;;;;;;;;;;;
-115;2;;;;;;;;;;;;;
-114;3;;;;;;;;;;;;;
-113;1;;;;;;;;;;;;;
-112;2;;;;;;;;;;;;;
-111;4;;;;;;;;;;;;;
-109;4;;;;;;;;;;;;;
-108;1;;;;;;;;;;;;;
-106;1;;;;;;;;;;;;;
-104;2;;;;;;;;;;;;;
-103;1;;;;;;;;;;;;;
-102;5;;;;;;;;;;;;;
-101;2;;;;;;;;;;;;;
-100;5;;;;;;;;;;;;;
-99;4;;;;;;;;;;;;;
-96;3;;;;;;;;;;;;;
-95;4;;;;;;;;;;;;;
-94;4;;;;;;;;;;;;;
-92;4;;;;;;;;;;;;;
-91;1;;;;;;;;;;;;;
-90;1;;;;;;;;;;;;;
-89;5;;;;;;;;;;;;;
-88;7;;;;;;;;;;;;;
-87;5;;;;;;;;;;;;;
-86;5;;;;;;;;;;;;;
-85;5;;;;;;;;;;;;;
-84;6;;;;;;;;;;;;;
-83;5;;;;;;;;;;;;;
-82;6;;;;;;;;;;;;;
-81;9;;;;;;;;;;;;;
-80;4;;;;;;;;;;;;;
-79;7;;;;;;;;;;;;;
-78;8;;;;;;;;;;;;;
-77;2;;;;;;;;;;;;;
-76;7;;;;;;;;;;;;;
-75;5;;;;;;;;;;;;;
-74;11;;;;;;;;;;;;;
-73;9;;;;;;;;;;;;;
-72;4;;;;;;;;;;;;;
-71;10;;;;;;;;;;;;;
-70;12;;;;;;;;;;;;;
-69;12;;;;;;;;;;;;;
-68;9;;;;;;;;;;;;;
-67;11;;;;;;;;;;;;;
-66;10;;;;;;;;;;;;;
-65;14;;;;;;;;;;;;;
-64;12;;;;;;;;;;;;;
-63;17;;;;;;;;;;;;;
-62;8;;;;;;;;;;;;;
-61;12;;;;;;;;;;;;;
-60;14;;;;;;;;;;;;;
-59;18;;;;;;;;;;;;;
-58;12;;;;;;;;;;;;;
-57;16;;;;;;;;;;;;;
-56;22;;;;;;;;;;;;;
-55;15;;;;;;;;;;;;;
-54;22;;;;;;;;;;;;;
-53;26;;;;;;;;;;;;;
-52;33;;;;;;;;;;;;;
-51;19;;;;;;;;;;;;;
-50;19;;;;;;;;;;;;;
-49;29;;;;;;;;;;;;;
-48;35;;;;;;;;;;;;;
-47;29;;;;;;;;;;;;;
-46;38;;;;;;;;;;;;;
-45;29;;;;;;;;;;;;;
-44;37;;;;;;;;;;;;;
-43;42;;;;;;;;;;;;;
-42;40;;;;;;;;;;;;;
-41;59;;;;;;;;;;;;;
-40;43;;;;;;;;;;;;;
-39;35;;;;;;;;;;;;;
-38;62;;;;;;;;;;;;;
-37;51;;;;;;;;;;;;;
-36;60;;;;;;;;;;;;;
-35;58;;;;;;;;;;;;;
-34;67;;;;;;;;;;;;;
-33;80;;;;;;;;;;;;;
-32;88;;;;;;;;;;;;;
-31;99;;;;;;;;;;;;;
-30;85;;;;;;;;;;;;;
-29;85;;;;;;;;;;;;;
-28;97;;;;;;;;;;;;;
-27;103;;;;;;;;;;;;;
-26;106;;;;;;;;;;;;;
-25;119;;;;;;;;;;;;;
-24;119;;;;;;;;;;;;;
-23;136;;;;;;;;;;;;;
-22;130;;;;;;;;;;;;;
-21;143;;;;;;;;;;;;;
-20;178;;;;;;;;;;;;;
-19;212;;;;;;;;;;;;;
-18;223;;;;;;;;;;;;;
-17;239;;;;;;;;;;;;;
-16;248;;;;;;;;;;;;;
-15;319;;;;;;;;;;;;;
-14;349;;;;;;;;;;;;;
-13;388;;;;;;;;;;;;;
-12;433;;;;;;;;;;;;;
-11;544;;;;;;;;;;;;;
-10;660;;;;;;;;;;;;;
-9;809;;;;;;;;;;;;;
-8;1057;;;;;;;;;;;;;
-7;1363;;;;;;;;;;;;;
-6;1731;;;;;;;;;;;;;
-5;2163;;;;;;;;;;;;;
-4;2887;;;;;;;;;;;;;
-3;3603;;;;;;;;;;;;;
-2;4305;;;;;;;;;;;;;
-1;4912;;;;;;;;;;;;;
0;5624;;;;;;;;;;;;;
1;5008;;;;;;;;;;;;;
2;4357;;;;;;;;;;;;;
3;3703;;;;;;;;;;;;;
4;3045;;;;;;;;;;;;;
5;2373;;;;;;;;;;;;;
6;1776;;;;;;;;;;;;;
7;1384;;;;;;;;;;;;;
8;1133;;;;;;;;;;;;;
9;894;;;;;;;;;;;;;
10;736;;;;;;;;;;;;;
11;618;;;;;;;;;;;;;
12;488;;;;;;;;;;;;;
13;405;;;;;;;;;;;;;
14;374;;;;;;;;;;;;;
15;298;;;;;;;;;;;;;
16;282;;;;;;;;;;;;;
17;259;;;;;;;;;;;;;
18;247;;;;;;;;;;;;;
19;206;;;;;;;;;;;;;
20;187;;;;;;;;;;;;;
21;152;;;;;;;;;;;;;
22;145;;;;;;;;;;;;;
23;166;;;;;;;;;;;;;
24;112;;;;;;;;;;;;;
25;106;;;;;;;;;;;;;
26;112;;;;;;;;;;;;;
27;101;;;;;;;;;;;;;
28;99;;;;;;;;;;;;;
29;77;;;;;;;;;;;;;
30;80;;;;;;;;;;;;;
31;71;;;;;;;;;;;;;
32;68;;;;;;;;;;;;;
33;54;;;;;;;;;;;;;
34;54;;;;;;;;;;;;;
35;55;;;;;;;;;;;;;
36;53;;;;;;;;;;;;;
37;46;;;;;;;;;;;;;
38;28;;;;;;;;;;;;;
39;38;;;;;;;;;;;;;
40;44;;;;;;;;;;;;;
41;45;;;;;;;;;;;;;
42;31;;;;;;;;;;;;;
43;32;;;;;;;;;;;;;
44;31;;;;;;;;;;;;;
45;37;;;;;;;;;;;;;
46;36;;;;;;;;;;;;;
47;22;;;;;;;;;;;;;
48;26;;;;;;;;;;;;;
49;26;;;;;;;;;;;;;
50;21;;;;;;;;;;;;;
51;24;;;;;;;;;;;;;
52;20;;;;;;;;;;;;;
53;34;;;;;;;;;;;;;
54;20;;;;;;;;;;;;;
55;21;;;;;;;;;;;;;
56;15;;;;;;;;;;;;;
57;17;;;;;;;;;;;;;
58;15;;;;;;;;;;;;;
59;14;;;;;;;;;;;;;
60;6;;;;;;;;;;;;;
61;13;;;;;;;;;;;;;
62;12;;;;;;;;;;;;;
63;10;;;;;;;;;;;;;
64;7;;;;;;;;;;;;;
65;9;;;;;;;;;;;;;
66;14;;;;;;;;;;;;;
67;8;;;;;;;;;;;;;
68;10;;;;;;;;;;;;;
69;8;;;;;;;;;;;;;
70;8;;;;;;;;;;;;;
71;7;;;;;;;;;;;;;
72;4;;;;;;;;;;;;;
73;8;;;;;;;;;;;;;
74;12;;;;;;;;;;;;;
75;6;;;;;;;;;;;;;
76;9;;;;;;;;;;;;;
77;6;;;;;;;;;;;;;
78;4;;;;;;;;;;;;;
79;6;;;;;;;;;;;;;
80;4;;;;;;;;;;;;;
81;6;;;;;;;;;;;;;
82;6;;;;;;;;;;;;;
83;4;;;;;;;;;;;;;
84;5;;;;;;;;;;;;;
85;2;;;;;;;;;;;;;
86;2;;;;;;;;;;;;;
87;3;;;;;;;;;;;;;
88;4;;;;;;;;;;;;;
89;4;;;;;;;;;;;;;
90;2;;;;;;;;;;;;;
91;3;;;;;;;;;;;;;
92;2;;;;;;;;;;;;;
93;1;;;;;;;;;;;;;
94;1;;;;;;;;;;;;;
95;1;;;;;;;;;;;;;
97;1;;;;;;;;;;;;;
104;1;;;;;;;;;;;;;
105;2;;;;;;;;;;;;;
106;1;;;;;;;;;;;;;
110;1;;;;;;;;;;;;;
113;2;;;;;;;;;;;;;
115;1;;;;;;;;;;;;;
;;;;;;;;;;;;;;
-95;1;;;;;;;;;;;;;
-92;1;;;;;;;;;;;;;
-90;1;;;;;;;;;;;;;
-88;2;;;;;;;;;;;;;
-87;3;;;;;;;;;;;;;
-86;5;;;;;;;;;;;;;
-84;1;;;;;;;;;;;;;
-83;1;;;;;;;;;;;;;
-82;3;;;;;;;;;;;;;
-81;3;;;;;;;;;;;;;
-80;2;;;;;;;;;;;;;
-79;2;;;;;;;;;;;;;
-78;4;;;;;;;;;;;;;
-77;6;;;;;;;;;;;;;
-76;3;;;;;;;;;;;;;
-75;2;;;;;;;;;;;;;
-74;4;;;;;;;;;;;;;
-73;10;;;;;;;;;;;;;
-72;4;;;;;;;;;;;;;
-71;6;;;;;;;;;;;;;
-70;8;;;;;;;;;;;;;
-69;6;;;;;;;;;;;;;
-68;10;;;;;;;;;;;;;
-67;6;;;;;;;;;;;;;
-66;7;;;;;;;;;;;;;
-65;9;;;;;;;;;;;;;
-64;5;;;;;;;;;;;;;
-63;2;;;;;;;;;;;;;
-62;5;;;;;;;;;;;;;
-61;10;;;;;;;;;;;;;
-60;7;;;;;;;;;;;;;
-59;9;;;;;;;;;;;;;
-58;13;;;;;;;;;;;;;
-57;14;;;;;;;;;;;;;
-56;9;;;;;;;;;;;;;
-55;13;;;;;;;;;;;;;
-54;11;;;;;;;;;;;;;
-53;9;;;;;;;;;;;;;
-52;12;;;;;;;;;;;;;
-51;18;;;;;;;;;;;;;
-50;15;;;;;;;;;;;;;
-49;17;;;;;;;;;;;;;
-48;19;;;;;;;;;;;;;
-47;20;;;;;;;;;;;;;
-46;23;;;;;;;;;;;;;
-45;28;;;;;;;;;;;;;
-44;27;;;;;;;;;;;;;
-43;35;;;;;;;;;;;;;
-42;39;;;;;;;;;;;;;
-41;30;;;;;;;;;;;;;
-40;39;;;;;;;;;;;;;
-39;52;;;;;;;;;;;;;
-38;44;;;;;;;;;;;;;
-37;63;;;;;;;;;;;;;
-36;64;;;;;;;;;;;;;
-35;75;;;;;;;;;;;;;
-34;65;;;;;;;;;;;;;
-33;91;;;;;;;;;;;;;
-32;94;;;;;;;;;;;;;
-31;96;;;;;;;;;;;;;
-30;136;;;;;;;;;;;;;
-29;140;;;;;;;;;;;;;
-28;154;;;;;;;;;;;;;
-27;171;;;;;;;;;;;;;
-26;195;;;;;;;;;;;;;
-25;183;;;;;;;;;;;;;
-24;246;;;;;;;;;;;;;
-23;275;;;;;;;;;;;;;
-22;292;;;;;;;;;;;;;
-21;310;;;;;;;;;;;;;
-20;391;;;;;;;;;;;;;
-19;462;;;;;;;;;;;;;
-18;522;;;;;;;;;;;;;
-17;575;;;;;;;;;;;;;
-16;645;;;;;;;;;;;;;
-15;756;;;;;;;;;;;;;
-14;908;;;;;;;;;;;;;
-13;1076;;;;;;;;;;;;;
-12;1355;;;;;;;;;;;;;
-11;1638;;;;;;;;;;;;;
-10;2058;;;;;;;;;;;;;
-9;2734;;;;;;;;;;;;;
-8;3619;;;;;;;;;;;;;
-7;4950;;;;;;;;;;;;;
-6;6683;;;;;;;;;;;;;
-5;9034;;;;;;;;;;;;;
-4;12416;;;;;;;;;;;;;
-3;16643;;;;;;;;;;;;;
-2;20697;;;;;;;;;;;;;
-1;24328;;;;;;;;;;;;;
0;29106;;;;;;;;;;;;;
1;24736;;;;;;;;;;;;;
2;21346;;;;;;;;;;;;;
3;17084;;;;;;;;;;;;;
4;12725;;;;;;;;;;;;;
5;9629;;;;;;;;;;;;;
6;6900;;;;;;;;;;;;;
7;5047;;;;;;;;;;;;;
8;3787;;;;;;;;;;;;;
9;2776;;;;;;;;;;;;;
10;2143;;;;;;;;;;;;;
11;1667;;;;;;;;;;;;;
12;1351;;;;;;;;;;;;;
13;1095;;;;;;;;;;;;;
14;897;;;;;;;;;;;;;
15;753;;;;;;;;;;;;;
16;651;;;;;;;;;;;;;
17;567;;;;;;;;;;;;;
18;503;;;;;;;;;;;;;
19;395;;;;;;;;;;;;;
20;336;;;;;;;;;;;;;
21;326;;;;;;;;;;;;;
22;272;;;;;;;;;;;;;
23;245;;;;;;;;;;;;;
24;247;;;;;;;;;;;;;
25;191;;;;;;;;;;;;;
26;174;;;;;;;;;;;;;
27;159;;;;;;;;;;;;;
28;140;;;;;;;;;;;;;
29;101;;;;;;;;;;;;;
30;124;;;;;;;;;;;;;
31;111;;;;;;;;;;;;;
32;106;;;;;;;;;;;;;
33;72;;;;;;;;;;;;;
34;75;;;;;;;;;;;;;
35;52;;;;;;;;;;;;;
36;50;;;;;;;;;;;;;
37;67;;;;;;;;;;;;;
38;55;;;;;;;;;;;;;
39;30;;;;;;;;;;;;;
40;33;;;;;;;;;;;;;
41;29;;;;;;;;;;;;;
42;23;;;;;;;;;;;;;
43;18;;;;;;;;;;;;;
44;18;;;;;;;;;;;;;
45;18;;;;;;;;;;;;;
46;17;;;;;;;;;;;;;
47;17;;;;;;;;;;;;;
48;9;;;;;;;;;;;;;
49;13;;;;;;;;;;;;;
50;10;;;;;;;;;;;;;
51;5;;;;;;;;;;;;;
52;3;;;;;;;;;;;;;
53;5;;;;;;;;;;;;;
54;3;;;;;;;;;;;;;
55;2;;;;;;;;;;;;;
56;7;;;;;;;;;;;;;
57;8;;;;;;;;;;;;;
58;1;;;;;;;;;;;;;
59;1;;;;;;;;;;;;;
60;3;;;;;;;;;;;;;
61;3;;;;;;;;;;;;;
63;1;;;;;;;;;;;;;
64;2;;;;;;;;;;;;;
67;2;;;;;;;;;;;;;
69;1;;;;;;;;;;;;;
70;2;;;;;;;;;;;;;
72;1;;;;;;;;;;;;;
;;;;;;;;;;;;;;
-119;1;;;;;;;;;;;;;
-107;1;;;;;;;;;;;;;
-104;1;;;;;;;;;;;;;
-98;3;;;;;;;;;;;;;
-96;2;;;;;;;;;;;;;
-95;1;;;;;;;;;;;;;
-93;1;;;;;;;;;;;;;
-91;1;;;;;;;;;;;;;
-90;1;;;;;;;;;;;;;
-89;4;;;;;;;;;;;;;
-88;1;;;;;;;;;;;;;
-87;2;;;;;;;;;;;;;
-86;1;;;;;;;;;;;;;
-84;2;;;;;;;;;;;;;
-83;2;;;;;;;;;;;;;
-82;2;;;;;;;;;;;;;
-81;2;;;;;;;;;;;;;
-80;1;;;;;;;;;;;;;
-79;2;;;;;;;;;;;;;
-78;1;;;;;;;;;;;;;
-77;4;;;;;;;;;;;;;
-76;5;;;;;;;;;;;;;
-75;3;;;;;;;;;;;;;
-74;3;;;;;;;;;;;;;
-73;4;;;;;;;;;;;;;
-72;3;;;;;;;;;;;;;
-71;10;;;;;;;;;;;;;
-70;4;;;;;;;;;;;;;
-69;5;;;;;;;;;;;;;
-68;3;;;;;;;;;;;;;
-67;10;;;;;;;;;;;;;
-66;6;;;;;;;;;;;;;
-65;6;;;;;;;;;;;;;
-64;7;;;;;;;;;;;;;
-63;6;;;;;;;;;;;;;
-62;3;;;;;;;;;;;;;
-61;15;;;;;;;;;;;;;
-60;14;;;;;;;;;;;;;
-59;9;;;;;;;;;;;;;
-58;10;;;;;;;;;;;;;
-57;11;;;;;;;;;;;;;
-56;15;;;;;;;;;;;;;
-55;7;;;;;;;;;;;;;
-54;14;;;;;;;;;;;;;
-53;16;;;;;;;;;;;;;
-52;15;;;;;;;;;;;;;
-51;19;;;;;;;;;;;;;
-50;20;;;;;;;;;;;;;
-49;27;;;;;;;;;;;;;
-48;28;;;;;;;;;;;;;
-47;31;;;;;;;;;;;;;
-46;29;;;;;;;;;;;;;
-45;44;;;;;;;;;;;;;
-44;45;;;;;;;;;;;;;
-43;54;;;;;;;;;;;;;
-42;62;;;;;;;;;;;;;
-41;47;;;;;;;;;;;;;
-40;56;;;;;;;;;;;;;
-39;74;;;;;;;;;;;;;
-38;69;;;;;;;;;;;;;
-37;86;;;;;;;;;;;;;
-36;65;;;;;;;;;;;;;
-35;93;;;;;;;;;;;;;
-34;113;;;;;;;;;;;;;
-33;126;;;;;;;;;;;;;
-32;132;;;;;;;;;;;;;
-31;156;;;;;;;;;;;;;
-30;149;;;;;;;;;;;;;
-29;153;;;;;;;;;;;;;
-28;173;;;;;;;;;;;;;
-27;193;;;;;;;;;;;;;
-26;232;;;;;;;;;;;;;
-25;259;;;;;;;;;;;;;
-24;286;;;;;;;;;;;;;
-23;322;;;;;;;;;;;;;
-22;368;;;;;;;;;;;;;
-21;409;;;;;;;;;;;;;
-20;436;;;;;;;;;;;;;
-19;524;;;;;;;;;;;;;
-18;601;;;;;;;;;;;;;
-17;730;;;;;;;;;;;;;
-16;830;;;;;;;;;;;;;
-15;947;;;;;;;;;;;;;
-14;1200;;;;;;;;;;;;;
-13;1551;;;;;;;;;;;;;
-12;1893;;;;;;;;;;;;;
-11;2238;;;;;;;;;;;;;
-10;3013;;;;;;;;;;;;;
-9;3980;;;;;;;;;;;;;
-8;5068;;;;;;;;;;;;;
-7;6283;;;;;;;;;;;;;
-6;8062;;;;;;;;;;;;;
-5;10794;;;;;;;;;;;;;
-4;13840;;;;;;;;;;;;;
-3;15406;;;;;;;;;;;;;
-2;16837;;;;;;;;;;;;;
-1;19212;;;;;;;;;;;;;
0;22762;;;;;;;;;;;;;
1;19142;;;;;;;;;;;;;
2;17322;;;;;;;;;;;;;
3;15696;;;;;;;;;;;;;
4;14647;;;;;;;;;;;;;
5;11074;;;;;;;;;;;;;
6;8400;;;;;;;;;;;;;
7;6651;;;;;;;;;;;;;
8;5370;;;;;;;;;;;;;
9;4021;;;;;;;;;;;;;
10;2903;;;;;;;;;;;;;
11;2287;;;;;;;;;;;;;
12;1886;;;;;;;;;;;;;
13;1702;;;;;;;;;;;;;
14;1256;;;;;;;;;;;;;
15;1032;;;;;;;;;;;;;
16;817;;;;;;;;;;;;;
17;778;;;;;;;;;;;;;
18;627;;;;;;;;;;;;;
19;481;;;;;;;;;;;;;
20;459;;;;;;;;;;;;;
21;397;;;;;;;;;;;;;
22;354;;;;;;;;;;;;;
23;297;;;;;;;;;;;;;
24;267;;;;;;;;;;;;;
25;238;;;;;;;;;;;;;
26;254;;;;;;;;;;;;;
27;211;;;;;;;;;;;;;
28;179;;;;;;;;;;;;;
29;161;;;;;;;;;;;;;
30;170;;;;;;;;;;;;;
31;144;;;;;;;;;;;;;
32;108;;;;;;;;;;;;;
33;96;;;;;;;;;;;;;
34;119;;;;;;;;;;;;;
35;107;;;;;;;;;;;;;
36;96;;;;;;;;;;;;;
37;83;;;;;;;;;;;;;
38;66;;;;;;;;;;;;;
39;69;;;;;;;;;;;;;
40;70;;;;;;;;;;;;;
41;55;;;;;;;;;;;;;
42;52;;;;;;;;;;;;;
43;53;;;;;;;;;;;;;
44;50;;;;;;;;;;;;;
45;39;;;;;;;;;;;;;
46;41;;;;;;;;;;;;;
47;36;;;;;;;;;;;;;
48;39;;;;;;;;;;;;;
49;39;;;;;;;;;;;;;
50;28;;;;;;;;;;;;;
51;31;;;;;;;;;;;;;
52;25;;;;;;;;;;;;;
53;10;;;;;;;;;;;;;
54;28;;;;;;;;;;;;;
55;15;;;;;;;;;;;;;
56;14;;;;;;;;;;;;;
57;20;;;;;;;;;;;;;
58;10;;;;;;;;;;;;;
59;14;;;;;;;;;;;;;
60;5;;;;;;;;;;;;;
61;12;;;;;;;;;;;;;
62;9;;;;;;;;;;;;;
63;7;;;;;;;;;;;;;
64;6;;;;;;;;;;;;;
65;3;;;;;;;;;;;;;
66;6;;;;;;;;;;;;;
67;8;;;;;;;;;;;;;
68;6;;;;;;;;;;;;;
69;6;;;;;;;;;;;;;
70;3;;;;;;;;;;;;;
71;8;;;;;;;;;;;;;
72;1;;;;;;;;;;;;;
73;4;;;;;;;;;;;;;
74;3;;;;;;;;;;;;;
75;2;;;;;;;;;;;;;
76;3;;;;;;;;;;;;;
77;3;;;;;;;;;;;;;
78;5;;;;;;;;;;;;;
79;3;;;;;;;;;;;;;
80;2;;;;;;;;;;;;;
81;1;;;;;;;;;;;;;
82;1;;;;;;;;;;;;;
83;1;;;;;;;;;;;;;
87;2;;;;;;;;;;;;;
88;2;;;;;;;;;;;;;
91;1;;;;;;;;;;;;;
92;2;;;;;;;;;;;;;
94;1;;;;;;;;;;;;;
96;1;;;;;;;;;;;;;
130;1;;;;;;;;;;;;;
;;;;;;;;;;;;;;
-140;1;;;;;;;;;;;;;
-134;2;;;;;;;;;;;;;
-133;3;;;;;;;;;;;;;
-131;1;;;;;;;;;;;;;
-129;1;;;;;;;;;;;;;
-128;1;;;;;;;;;;;;;
-127;1;;;;;;;;;;;;;
-126;1;;;;;;;;;;;;;
-125;1;;;;;;;;;;;;;
-124;5;;;;;;;;;;;;;
-123;3;;;;;;;;;;;;;
-122;2;;;;;;;;;;;;;
-121;2;;;;;;;;;;;;;
-120;3;;;;;;;;;;;;;
-119;1;;;;;;;;;;;;;
-118;1;;;;;;;;;;;;;
-117;4;;;;;;;;;;;;;
-116;7;;;;;;;;;;;;;
-115;16;;;;;;;;;;;;;
-114;6;;;;;;;;;;;;;
-113;10;;;;;;;;;;;;;
-112;9;;;;;;;;;;;;;
-111;9;;;;;;;;;;;;;
-110;5;;;;;;;;;;;;;
-109;11;;;;;;;;;;;;;
-108;13;;;;;;;;;;;;;
-107;15;;;;;;;;;;;;;
-106;14;;;;;;;;;;;;;
-105;15;;;;;;;;;;;;;
-104;13;;;;;;;;;;;;;
-103;12;;;;;;;;;;;;;
-102;18;;;;;;;;;;;;;
-101;27;;;;;;;;;;;;;
-100;31;;;;;;;;;;;;;
-99;34;;;;;;;;;;;;;
-98;30;;;;;;;;;;;;;
-97;24;;;;;;;;;;;;;
-96;23;;;;;;;;;;;;;
-95;26;;;;;;;;;;;;;
-94;27;;;;;;;;;;;;;
-93;36;;;;;;;;;;;;;
-92;43;;;;;;;;;;;;;
-91;48;;;;;;;;;;;;;
-90;78;;;;;;;;;;;;;
-89;61;;;;;;;;;;;;;
-88;42;;;;;;;;;;;;;
-87;49;;;;;;;;;;;;;
-86;49;;;;;;;;;;;;;
-85;50;;;;;;;;;;;;;
-84;75;;;;;;;;;;;;;
-83;93;;;;;;;;;;;;;
-82;100;;;;;;;;;;;;;
-81;98;;;;;;;;;;;;;
-80;97;;;;;;;;;;;;;
-79;86;;;;;;;;;;;;;
-78;74;;;;;;;;;;;;;
-77;123;;;;;;;;;;;;;
-76;151;;;;;;;;;;;;;
-75;188;;;;;;;;;;;;;
-74;185;;;;;;;;;;;;;
-73;177;;;;;;;;;;;;;
-72;177;;;;;;;;;;;;;
-71;137;;;;;;;;;;;;;
-70;144;;;;;;;;;;;;;
-69;163;;;;;;;;;;;;;
-68;193;;;;;;;;;;;;;
-67;227;;;;;;;;;;;;;
-66;247;;;;;;;;;;;;;
-65;255;;;;;;;;;;;;;
-64;212;;;;;;;;;;;;;
-63;198;;;;;;;;;;;;;
-62;205;;;;;;;;;;;;;
-61;207;;;;;;;;;;;;;
-60;277;;;;;;;;;;;;;
-59;315;;;;;;;;;;;;;
-58;390;;;;;;;;;;;;;
-57;372;;;;;;;;;;;;;
-56;349;;;;;;;;;;;;;
-55;289;;;;;;;;;;;;;
-54;279;;;;;;;;;;;;;
-53;340;;;;;;;;;;;;;
-52;416;;;;;;;;;;;;;
-51;523;;;;;;;;;;;;;
-50;628;;;;;;;;;;;;;
-49;643;;;;;;;;;;;;;
-48;588;;;;;;;;;;;;;
-47;538;;;;;;;;;;;;;
-46;494;;;;;;;;;;;;;
-45;522;;;;;;;;;;;;;
-44;593;;;;;;;;;;;;;
-43;805;;;;;;;;;;;;;
-42;885;;;;;;;;;;;;;
-41;939;;;;;;;;;;;;;
-40;999;;;;;;;;;;;;;
-39;878;;;;;;;;;;;;;
-38;767;;;;;;;;;;;;;
-37;797;;;;;;;;;;;;;
-36;1008;;;;;;;;;;;;;
-35;1272;;;;;;;;;;;;;
-34;1393;;;;;;;;;;;;;
-33;1621;;;;;;;;;;;;;
-32;1530;;;;;;;;;;;;;
-31;1411;;;;;;;;;;;;;
-30;1216;;;;;;;;;;;;;
-29;1228;;;;;;;;;;;;;
-28;1388;;;;;;;;;;;;;
-27;1769;;;;;;;;;;;;;
-26;2068;;;;;;;;;;;;;
-25;2345;;;;;;;;;;;;;
-24;2317;;;;;;;;;;;;;
-23;2143;;;;;;;;;;;;;
-22;1753;;;;;;;;;;;;;
-21;1679;;;;;;;;;;;;;
-20;1797;;;;;;;;;;;;;
-19;2171;;;;;;;;;;;;;
-18;2750;;;;;;;;;;;;;
-17;3122;;;;;;;;;;;;;
-16;3080;;;;;;;;;;;;;
-15;3038;;;;;;;;;;;;;
-14;2583;;;;;;;;;;;;;
-13;2489;;;;;;;;;;;;;
-12;2634;;;;;;;;;;;;;
-11;3335;;;;;;;;;;;;;
-10;3899;;;;;;;;;;;;;
-9;4659;;;;;;;;;;;;;
-8;4914;;;;;;;;;;;;;
-7;4748;;;;;;;;;;;;;
-6;4276;;;;;;;;;;;;;
-5;4210;;;;;;;;;;;;;
-4;4772;;;;;;;;;;;;;
-3;6159;;;;;;;;;;;;;
-2;8009;;;;;;;;;;;;;
-1;9580;;;;;;;;;;;;;
0;11371;;;;;;;;;;;;;
1;9580;;;;;;;;;;;;;
2;8155;;;;;;;;;;;;;
3;6106;;;;;;;;;;;;;
4;4650;;;;;;;;;;;;;
5;4019;;;;;;;;;;;;;
6;4284;;;;;;;;;;;;;
7;4517;;;;;;;;;;;;;
8;4791;;;;;;;;;;;;;
9;4540;;;;;;;;;;;;;
10;3886;;;;;;;;;;;;;
11;3125;;;;;;;;;;;;;
12;2524;;;;;;;;;;;;;
13;2340;;;;;;;;;;;;;
14;2589;;;;;;;;;;;;;
15;2918;;;;;;;;;;;;;
16;3122;;;;;;;;;;;;;
17;2922;;;;;;;;;;;;;
18;2613;;;;;;;;;;;;;
19;2112;;;;;;;;;;;;;
20;1765;;;;;;;;;;;;;
21;1700;;;;;;;;;;;;;
22;1681;;;;;;;;;;;;;
23;2021;;;;;;;;;;;;;
24;2116;;;;;;;;;;;;;
25;2140;;;;;;;;;;;;;
26;1967;;;;;;;;;;;;;
27;1611;;;;;;;;;;;;;
28;1321;;;;;;;;;;;;;
29;1192;;;;;;;;;;;;;
30;1134;;;;;;;;;;;;;
31;1341;;;;;;;;;;;;;
32;1505;;;;;;;;;;;;;
33;1482;;;;;;;;;;;;;
34;1407;;;;;;;;;;;;;
35;1168;;;;;;;;;;;;;
36;949;;;;;;;;;;;;;
37;774;;;;;;;;;;;;;
38;751;;;;;;;;;;;;;
39;801;;;;;;;;;;;;;
40;955;;;;;;;;;;;;;
41;1004;;;;;;;;;;;;;
42;889;;;;;;;;;;;;;
43;740;;;;;;;;;;;;;
44;591;;;;;;;;;;;;;
45;460;;;;;;;;;;;;;
46;478;;;;;;;;;;;;;
47;482;;;;;;;;;;;;;
48;587;;;;;;;;;;;;;
49;635;;;;;;;;;;;;;
50;584;;;;;;;;;;;;;
51;467;;;;;;;;;;;;;
52;404;;;;;;;;;;;;;
53;321;;;;;;;;;;;;;
54;270;;;;;;;;;;;;;
55;305;;;;;;;;;;;;;
56;311;;;;;;;;;;;;;
57;359;;;;;;;;;;;;;
58;345;;;;;;;;;;;;;
59;288;;;;;;;;;;;;;
60;281;;;;;;;;;;;;;
61;233;;;;;;;;;;;;;
62;195;;;;;;;;;;;;;
63;227;;;;;;;;;;;;;
64;239;;;;;;;;;;;;;
65;259;;;;;;;;;;;;;
66;279;;;;;;;;;;;;;
67;262;;;;;;;;;;;;;
68;195;;;;;;;;;;;;;
69;166;;;;;;;;;;;;;
70;136;;;;;;;;;;;;;
71;123;;;;;;;;;;;;;
72;145;;;;;;;;;;;;;
73;146;;;;;;;;;;;;;
74;158;;;;;;;;;;;;;
75;155;;;;;;;;;;;;;
76;130;;;;;;;;;;;;;
77;107;;;;;;;;;;;;;
78;80;;;;;;;;;;;;;
79;56;;;;;;;;;;;;;
80;92;;;;;;;;;;;;;
81;97;;;;;;;;;;;;;
82;108;;;;;;;;;;;;;
83;84;;;;;;;;;;;;;
84;84;;;;;;;;;;;;;
85;62;;;;;;;;;;;;;
86;54;;;;;;;;;;;;;
87;33;;;;;;;;;;;;;
88;45;;;;;;;;;;;;;
89;60;;;;;;;;;;;;;
90;77;;;;;;;;;;;;;
91;58;;;;;;;;;;;;;
92;45;;;;;;;;;;;;;
93;45;;;;;;;;;;;;;
94;29;;;;;;;;;;;;;
95;20;;;;;;;;;;;;;
96;21;;;;;;;;;;;;;
97;29;;;;;;;;;;;;;
98;46;;;;;;;;;;;;;
99;35;;;;;;;;;;;;;
100;25;;;;;;;;;;;;;
101;20;;;;;;;;;;;;;
102;17;;;;;;;;;;;;;
103;22;;;;;;;;;;;;;
104;19;;;;;;;;;;;;;
105;22;;;;;;;;;;;;;
106;23;;;;;;;;;;;;;
107;14;;;;;;;;;;;;;
108;9;;;;;;;;;;;;;
109;13;;;;;;;;;;;;;
110;10;;;;;;;;;;;;;
111;10;;;;;;;;;;;;;
112;7;;;;;;;;;;;;;
113;4;;;;;;;;;;;;;
114;6;;;;;;;;;;;;;
115;9;;;;;;;;;;;;;
116;5;;;;;;;;;;;;;
117;3;;;;;;;;;;;;;
118;3;;;;;;;;;;;;;
119;2;;;;;;;;;;;;;
121;3;;;;;;;;;;;;;
122;6;;;;;;;;;;;;;
123;1;;;;;;;;;;;;;
124;3;;;;;;;;;;;;;
125;2;;;;;;;;;;;;;
126;5;;;;;;;;;;;;;
130;1;;;;;;;;;;;;;
132;2;;;;;;;;;;;;;
137;1;;;;;;;;;;;;;
138;1;;;;;;;;;;;;;
142;2;;;;;;;;;;;;;
150;1;;;;;;;;;;;;;
174;1;;;;;;;;;;;;;
;;;;;;;;;;;;;;
-71;1;;;;;;;;;;;;;
-70;1;;;;;;;;;;;;;
-68;1;;;;;;;;;;;;;
-67;2;;;;;;;;;;;;;
-65;2;;;;;;;;;;;;;
-63;3;;;;;;;;;;;;;
-62;4;;;;;;;;;;;;;
-61;6;;;;;;;;;;;;;
-60;5;;;;;;;;;;;;;
-59;4;;;;;;;;;;;;;
-58;3;;;;;;;;;;;;;
-57;7;;;;;;;;;;;;;
-56;4;;;;;;;;;;;;;
-55;14;;;;;;;;;;;;;
-54;12;;;;;;;;;;;;;
-53;11;;;;;;;;;;;;;
-52;18;;;;;;;;;;;;;
-51;20;;;;;;;;;;;;;
-50;20;;;;;;;;;;;;;
-49;23;;;;;;;;;;;;;
-48;25;;;;;;;;;;;;;
-47;36;;;;;;;;;;;;;
-46;42;;;;;;;;;;;;;
-45;48;;;;;;;;;;;;;
-44;53;;;;;;;;;;;;;
-43;63;;;;;;;;;;;;;
-42;49;;;;;;;;;;;;;
-41;80;;;;;;;;;;;;;
-40;98;;;;;;;;;;;;;
-39;97;;;;;;;;;;;;;
-38;97;;;;;;;;;;;;;
-37;115;;;;;;;;;;;;;
-36;157;;;;;;;;;;;;;
-35;167;;;;;;;;;;;;;
-34;163;;;;;;;;;;;;;
-33;200;;;;;;;;;;;;;
-32;239;;;;;;;;;;;;;
-31;316;;;;;;;;;;;;;
-30;309;;;;;;;;;;;;;
-29;357;;;;;;;;;;;;;
-28;422;;;;;;;;;;;;;
-27;444;;;;;;;;;;;;;
-26;525;;;;;;;;;;;;;
-25;598;;;;;;;;;;;;;
-24;662;;;;;;;;;;;;;
-23;753;;;;;;;;;;;;;
-22;821;;;;;;;;;;;;;
-21;1003;;;;;;;;;;;;;
-20;1063;;;;;;;;;;;;;
-19;1278;;;;;;;;;;;;;
-18;1471;;;;;;;;;;;;;
-17;1587;;;;;;;;;;;;;
-16;1839;;;;;;;;;;;;;
-15;2086;;;;;;;;;;;;;
-14;2368;;;;;;;;;;;;;
-13;2674;;;;;;;;;;;;;
-12;3001;;;;;;;;;;;;;
-11;3519;;;;;;;;;;;;;
-10;3903;;;;;;;;;;;;;
-9;4598;;;;;;;;;;;;;
-8;5200;;;;;;;;;;;;;
-7;6146;;;;;;;;;;;;;
-6;7288;;;;;;;;;;;;;
-5;8834;;;;;;;;;;;;;
-4;10830;;;;;;;;;;;;;
-3;13167;;;;;;;;;;;;;
-2;16155;;;;;;;;;;;;;
-1;17657;;;;;;;;;;;;;
0;19229;;;;;;;;;;;;;
1;18017;;;;;;;;;;;;;
2;15650;;;;;;;;;;;;;
3;12778;;;;;;;;;;;;;
4;10339;;;;;;;;;;;;;
5;8507;;;;;;;;;;;;;
6;6978;;;;;;;;;;;;;
7;5857;;;;;;;;;;;;;
8;4980;;;;;;;;;;;;;
9;4269;;;;;;;;;;;;;
10;3781;;;;;;;;;;;;;
11;3223;;;;;;;;;;;;;
12;2981;;;;;;;;;;;;;
13;2522;;;;;;;;;;;;;
14;2229;;;;;;;;;;;;;
15;1919;;;;;;;;;;;;;
16;1671;;;;;;;;;;;;;
17;1554;;;;;;;;;;;;;
18;1357;;;;;;;;;;;;;
19;1228;;;;;;;;;;;;;
20;1066;;;;;;;;;;;;;
21;936;;;;;;;;;;;;;
22;850;;;;;;;;;;;;;
23;761;;;;;;;;;;;;;
24;674;;;;;;;;;;;;;
25;614;;;;;;;;;;;;;
26;518;;;;;;;;;;;;;
27;433;;;;;;;;;;;;;
28;406;;;;;;;;;;;;;
29;378;;;;;;;;;;;;;
30;297;;;;;;;;;;;;;
31;273;;;;;;;;;;;;;
32;270;;;;;;;;;;;;;
33;262;;;;;;;;;;;;;
34;192;;;;;;;;;;;;;
35;162;;;;;;;;;;;;;
36;157;;;;;;;;;;;;;
37;128;;;;;;;;;;;;;
38;124;;;;;;;;;;;;;
39;123;;;;;;;;;;;;;
40;82;;;;;;;;;;;;;
41;86;;;;;;;;;;;;;
42;60;;;;;;;;;;;;;
43;57;;;;;;;;;;;;;
44;67;;;;;;;;;;;;;
45;45;;;;;;;;;;;;;
46;35;;;;;;;;;;;;;
47;29;;;;;;;;;;;;;
48;31;;;;;;;;;;;;;
49;17;;;;;;;;;;;;;
50;21;;;;;;;;;;;;;
51;22;;;;;;;;;;;;;
52;24;;;;;;;;;;;;;
53;9;;;;;;;;;;;;;
54;15;;;;;;;;;;;;;
55;7;;;;;;;;;;;;;
56;12;;;;;;;;;;;;;
57;8;;;;;;;;;;;;;
58;9;;;;;;;;;;;;;
59;4;;;;;;;;;;;;;
60;2;;;;;;;;;;;;;
61;2;;;;;;;;;;;;;
62;3;;;;;;;;;;;;;
63;3;;;;;;;;;;;;;
64;2;;;;;;;;;;;;;
65;2;;;;;;;;;;;;;
66;2;;;;;;;;;;;;;
67;1;;;;;;;;;;;;;
69;2;;;;;;;;;;;;;
71;3;;;;;;;;;;;;;
75;2;;;;;;;;;;;;;
;;;;;;;;;;;;;;
-116;1;;;;;;;;;;;;;
-103;1;;;;;;;;;;;;;
-86;1;;;;;;;;;;;;;
-85;4;;;;;;;;;;;;;
-82;3;;;;;;;;;;;;;
-80;3;;;;;;;;;;;;;
-79;3;;;;;;;;;;;;;
-78;1;;;;;;;;;;;;;
-77;4;;;;;;;;;;;;;
-76;2;;;;;;;;;;;;;
-75;1;;;;;;;;;;;;;
-73;2;;;;;;;;;;;;;
-72;3;;;;;;;;;;;;;
-71;3;;;;;;;;;;;;;
-70;6;;;;;;;;;;;;;
-69;6;;;;;;;;;;;;;
-68;2;;;;;;;;;;;;;
-67;2;;;;;;;;;;;;;
-66;2;;;;;;;;;;;;;
-65;4;;;;;;;;;;;;;
-64;5;;;;;;;;;;;;;
-63;4;;;;;;;;;;;;;
-62;6;;;;;;;;;;;;;
-61;5;;;;;;;;;;;;;
-60;17;;;;;;;;;;;;;
-58;10;;;;;;;;;;;;;
-57;9;;;;;;;;;;;;;
-56;64;;;;;;;;;;;;;
-55;14;;;;;;;;;;;;;
-54;21;;;;;;;;;;;;;
-53;27;;;;;;;;;;;;;
-52;26;;;;;;;;;;;;;
-51;40;;;;;;;;;;;;;
-50;36;;;;;;;;;;;;;
-49;18;;;;;;;;;;;;;
-48;39;;;;;;;;;;;;;
-47;52;;;;;;;;;;;;;
-46;57;;;;;;;;;;;;;
-45;19;;;;;;;;;;;;;
-44;52;;;;;;;;;;;;;
-43;62;;;;;;;;;;;;;
-42;78;;;;;;;;;;;;;
-41;47;;;;;;;;;;;;;
-40;51;;;;;;;;;;;;;
-39;187;;;;;;;;;;;;;
-38;82;;;;;;;;;;;;;
-37;170;;;;;;;;;;;;;
-36;176;;;;;;;;;;;;;
-35;190;;;;;;;;;;;;;
-34;262;;;;;;;;;;;;;
-33;327;;;;;;;;;;;;;
-32;372;;;;;;;;;;;;;
-31;488;;;;;;;;;;;;;
-30;292;;;;;;;;;;;;;
-29;1009;;;;;;;;;;;;;
-28;416;;;;;;;;;;;;;
-27;809;;;;;;;;;;;;;
-26;732;;;;;;;;;;;;;
-25;1134;;;;;;;;;;;;;
-24;1120;;;;;;;;;;;;;
-23;1216;;;;;;;;;;;;;
-22;1280;;;;;;;;;;;;;
-21;1418;;;;;;;;;;;;;
-20;1559;;;;;;;;;;;;;
-19;1933;;;;;;;;;;;;;
-18;1575;;;;;;;;;;;;;
-17;2099;;;;;;;;;;;;;
-16;2808;;;;;;;;;;;;;
-15;3283;;;;;;;;;;;;;
-14;2336;;;;;;;;;;;;;
-13;2945;;;;;;;;;;;;;
-12;4776;;;;;;;;;;;;;
-11;4314;;;;;;;;;;;;;
-10;3785;;;;;;;;;;;;;
-9;2412;;;;;;;;;;;;;
-8;7169;;;;;;;;;;;;;
-7;3815;;;;;;;;;;;;;
-6;6707;;;;;;;;;;;;;
-5;2708;;;;;;;;;;;;;
-4;5766;;;;;;;;;;;;;
-3;6455;;;;;;;;;;;;;
-2;6628;;;;;;;;;;;;;
-1;4746;;;;;;;;;;;;;
0;82594;;;;;;;;;;;;;
1;4949;;;;;;;;;;;;;
2;6322;;;;;;;;;;;;;
3;5718;;;;;;;;;;;;;
4;5795;;;;;;;;;;;;;
5;2683;;;;;;;;;;;;;
6;6337;;;;;;;;;;;;;
7;3765;;;;;;;;;;;;;
8;6920;;;;;;;;;;;;;
9;2284;;;;;;;;;;;;;
10;3479;;;;;;;;;;;;;
11;4357;;;;;;;;;;;;;
12;4513;;;;;;;;;;;;;
13;3028;;;;;;;;;;;;;
14;2313;;;;;;;;;;;;;
15;3221;;;;;;;;;;;;;
16;2746;;;;;;;;;;;;;
17;2258;;;;;;;;;;;;;
18;1600;;;;;;;;;;;;;
19;1973;;;;;;;;;;;;;
20;1598;;;;;;;;;;;;;
21;1382;;;;;;;;;;;;;
22;1323;;;;;;;;;;;;;
23;1294;;;;;;;;;;;;;
24;1190;;;;;;;;;;;;;
25;1164;;;;;;;;;;;;;
26;709;;;;;;;;;;;;;
27;819;;;;;;;;;;;;;
28;444;;;;;;;;;;;;;
29;1009;;;;;;;;;;;;;
30;269;;;;;;;;;;;;;
31;448;;;;;;;;;;;;;
32;324;;;;;;;;;;;;;
33;277;;;;;;;;;;;;;
34;262;;;;;;;;;;;;;
35;161;;;;;;;;;;;;;
36;153;;;;;;;;;;;;;
37;133;;;;;;;;;;;;;
38;73;;;;;;;;;;;;;
39;163;;;;;;;;;;;;;
40;60;;;;;;;;;;;;;
41;52;;;;;;;;;;;;;
42;93;;;;;;;;;;;;;
43;58;;;;;;;;;;;;;
44;51;;;;;;;;;;;;;
45;27;;;;;;;;;;;;;
46;42;;;;;;;;;;;;;
47;39;;;;;;;;;;;;;
48;36;;;;;;;;;;;;;
49;15;;;;;;;;;;;;;
50;35;;;;;;;;;;;;;
51;38;;;;;;;;;;;;;
52;18;;;;;;;;;;;;;
53;16;;;;;;;;;;;;;
54;12;;;;;;;;;;;;;
55;5;;;;;;;;;;;;;
56;55;;;;;;;;;;;;;
57;7;;;;;;;;;;;;;
58;9;;;;;;;;;;;;;
59;5;;;;;;;;;;;;;
60;8;;;;;;;;;;;;;
61;9;;;;;;;;;;;;;
62;6;;;;;;;;;;;;;
63;4;;;;;;;;;;;;;
64;8;;;;;;;;;;;;;
65;3;;;;;;;;;;;;;
66;3;;;;;;;;;;;;;
67;4;;;;;;;;;;;;;
68;1;;;;;;;;;;;;;
69;5;;;;;;;;;;;;;
70;4;;;;;;;;;;;;;
71;4;;;;;;;;;;;;;
72;4;;;;;;;;;;;;;
73;1;;;;;;;;;;;;;
74;2;;;;;;;;;;;;;
75;5;;;;;;;;;;;;;
78;4;;;;;;;;;;;;;
79;4;;;;;;;;;;;;;
80;1;;;;;;;;;;;;;
82;2;;;;;;;;;;;;;
84;1;;;;;;;;;;;;;
87;1;;;;;;;;;;;;;
90;1;;;;;;;;;;;;;
93;1;;;;;;;;;;;;;
;;;;;;;;;;;;;;
-112;1;;;;;;;;;;;;;
-83;1;;;;;;;;;;;;;
-79;1;;;;;;;;;;;;;
-75;2;;;;;;;;;;;;;
-74;1;;;;;;;;;;;;;
-72;1;;;;;;;;;;;;;
-71;1;;;;;;;;;;;;;
-70;4;;;;;;;;;;;;;
-69;2;;;;;;;;;;;;;
-68;1;;;;;;;;;;;;;
-67;1;;;;;;;;;;;;;
-66;2;;;;;;;;;;;;;
-65;2;;;;;;;;;;;;;
-62;4;;;;;;;;;;;;;
-61;1;;;;;;;;;;;;;
-60;3;;;;;;;;;;;;;
-59;4;;;;;;;;;;;;;
-58;3;;;;;;;;;;;;;
-57;5;;;;;;;;;;;;;
-56;10;;;;;;;;;;;;;
-55;6;;;;;;;;;;;;;
-54;2;;;;;;;;;;;;;
-53;7;;;;;;;;;;;;;
-52;10;;;;;;;;;;;;;
-51;12;;;;;;;;;;;;;
-50;14;;;;;;;;;;;;;
-49;9;;;;;;;;;;;;;
-48;21;;;;;;;;;;;;;
-47;15;;;;;;;;;;;;;
-46;26;;;;;;;;;;;;;
-45;11;;;;;;;;;;;;;
-44;23;;;;;;;;;;;;;
-43;22;;;;;;;;;;;;;
-42;48;;;;;;;;;;;;;
-41;40;;;;;;;;;;;;;
-40;36;;;;;;;;;;;;;
-39;29;;;;;;;;;;;;;
-38;43;;;;;;;;;;;;;
-37;43;;;;;;;;;;;;;
-36;54;;;;;;;;;;;;;
-35;39;;;;;;;;;;;;;
-34;70;;;;;;;;;;;;;
-33;97;;;;;;;;;;;;;
-32;103;;;;;;;;;;;;;
-31;110;;;;;;;;;;;;;
-30;217;;;;;;;;;;;;;
-29;171;;;;;;;;;;;;;
-28;292;;;;;;;;;;;;;
-27;206;;;;;;;;;;;;;
-26;218;;;;;;;;;;;;;
-25;269;;;;;;;;;;;;;
-24;222;;;;;;;;;;;;;
-23;657;;;;;;;;;;;;;
-22;499;;;;;;;;;;;;;
-21;751;;;;;;;;;;;;;
-20;627;;;;;;;;;;;;;
-19;1257;;;;;;;;;;;;;
-18;1203;;;;;;;;;;;;;
-17;1484;;;;;;;;;;;;;
-16;1487;;;;;;;;;;;;;
-15;2195;;;;;;;;;;;;;
-14;2078;;;;;;;;;;;;;
-13;3190;;;;;;;;;;;;;
-12;3385;;;;;;;;;;;;;
-11;3729;;;;;;;;;;;;;
-10;5965;;;;;;;;;;;;;
-9;5447;;;;;;;;;;;;;
-8;6872;;;;;;;;;;;;;
-7;6288;;;;;;;;;;;;;
-6;7071;;;;;;;;;;;;;
-5;7364;;;;;;;;;;;;;
-4;7765;;;;;;;;;;;;;
-3;8754;;;;;;;;;;;;;
-2;7930;;;;;;;;;;;;;
-1;5576;;;;;;;;;;;;;
0;73214;;;;;;;;;;;;;
1;5786;;;;;;;;;;;;;
2;8190;;;;;;;;;;;;;
3;8945;;;;;;;;;;;;;
4;8000;;;;;;;;;;;;;
5;6876;;;;;;;;;;;;;
6;7326;;;;;;;;;;;;;
7;6239;;;;;;;;;;;;;
8;6918;;;;;;;;;;;;;
9;5333;;;;;;;;;;;;;
10;5505;;;;;;;;;;;;;
11;3873;;;;;;;;;;;;;
12;3301;;;;;;;;;;;;;
13;3273;;;;;;;;;;;;;
14;1932;;;;;;;;;;;;;
15;2047;;;;;;;;;;;;;
16;1594;;;;;;;;;;;;;
17;1350;;;;;;;;;;;;;
18;1101;;;;;;;;;;;;;
19;1253;;;;;;;;;;;;;
20;554;;;;;;;;;;;;;
21;752;;;;;;;;;;;;;
22;520;;;;;;;;;;;;;
23;609;;;;;;;;;;;;;
24;230;;;;;;;;;;;;;
25;233;;;;;;;;;;;;;
26;190;;;;;;;;;;;;;
27;261;;;;;;;;;;;;;
28;288;;;;;;;;;;;;;
29;159;;;;;;;;;;;;;
30;197;;;;;;;;;;;;;
31;86;;;;;;;;;;;;;
32;92;;;;;;;;;;;;;
33;74;;;;;;;;;;;;;
34;74;;;;;;;;;;;;;
35;47;;;;;;;;;;;;;
36;53;;;;;;;;;;;;;
37;43;;;;;;;;;;;;;
38;42;;;;;;;;;;;;;
39;41;;;;;;;;;;;;;
40;47;;;;;;;;;;;;;
41;53;;;;;;;;;;;;;
42;37;;;;;;;;;;;;;
43;13;;;;;;;;;;;;;
44;27;;;;;;;;;;;;;
45;22;;;;;;;;;;;;;
46;40;;;;;;;;;;;;;
47;12;;;;;;;;;;;;;
48;12;;;;;;;;;;;;;
49;22;;;;;;;;;;;;;
50;13;;;;;;;;;;;;;
51;13;;;;;;;;;;;;;
52;5;;;;;;;;;;;;;
53;10;;;;;;;;;;;;;
54;4;;;;;;;;;;;;;
55;5;;;;;;;;;;;;;
56;5;;;;;;;;;;;;;
57;3;;;;;;;;;;;;;
58;7;;;;;;;;;;;;;
59;6;;;;;;;;;;;;;
60;4;;;;;;;;;;;;;
61;5;;;;;;;;;;;;;
62;7;;;;;;;;;;;;;
63;2;;;;;;;;;;;;;
64;3;;;;;;;;;;;;;
65;3;;;;;;;;;;;;;
66;5;;;;;;;;;;;;;
67;3;;;;;;;;;;;;;
68;2;;;;;;;;;;;;;
69;5;;;;;;;;;;;;;
70;2;;;;;;;;;;;;;
73;1;;;;;;;;;;;;;
74;1;;;;;;;;;;;;;
76;5;;;;;;;;;;;;;
78;1;;;;;;;;;;;;;
79;1;;;;;;;;;;;;;
80;1;;;;;;;;;;;;;
82;1;;;;;;;;;;;;;
83;1;;;;;;;;;;;;;
86;1;;;;;;;;;;;;;
89;1;;;;;;;;;;;;;
;;;;;;;;;;;;;;
-163;1;;;;;;;;;;;;;
-123;1;;;;;;;;;;;;;
-113;1;;;;;;;;;;;;;
-99;1;;;;;;;;;;;;;
-97;2;;;;;;;;;;;;;
-96;2;;;;;;;;;;;;;
-95;1;;;;;;;;;;;;;
-93;1;;;;;;;;;;;;;
-91;1;;;;;;;;;;;;;
-90;6;;;;;;;;;;;;;
-89;4;;;;;;;;;;;;;
-88;2;;;;;;;;;;;;;
-86;1;;;;;;;;;;;;;
-85;4;;;;;;;;;;;;;
-84;1;;;;;;;;;;;;;
-83;3;;;;;;;;;;;;;
-82;5;;;;;;;;;;;;;
-81;1;;;;;;;;;;;;;
-80;3;;;;;;;;;;;;;
-79;2;;;;;;;;;;;;;
-78;3;;;;;;;;;;;;;
-77;7;;;;;;;;;;;;;
-76;1;;;;;;;;;;;;;
-75;2;;;;;;;;;;;;;
-74;5;;;;;;;;;;;;;
-73;6;;;;;;;;;;;;;
-72;6;;;;;;;;;;;;;
-71;7;;;;;;;;;;;;;
-70;8;;;;;;;;;;;;;
-69;11;;;;;;;;;;;;;
-68;3;;;;;;;;;;;;;
-67;9;;;;;;;;;;;;;
-66;11;;;;;;;;;;;;;
-65;12;;;;;;;;;;;;;
-64;7;;;;;;;;;;;;;
-63;20;;;;;;;;;;;;;
-62;14;;;;;;;;;;;;;
-61;22;;;;;;;;;;;;;
-60;26;;;;;;;;;;;;;
-59;28;;;;;;;;;;;;;
-58;23;;;;;;;;;;;;;
-57;16;;;;;;;;;;;;;
-56;32;;;;;;;;;;;;;
-55;32;;;;;;;;;;;;;
-54;36;;;;;;;;;;;;;
-53;42;;;;;;;;;;;;;
-52;33;;;;;;;;;;;;;
-51;47;;;;;;;;;;;;;
-50;42;;;;;;;;;;;;;
-49;50;;;;;;;;;;;;;
-48;42;;;;;;;;;;;;;
-47;53;;;;;;;;;;;;;
-46;63;;;;;;;;;;;;;
-45;65;;;;;;;;;;;;;
-44;79;;;;;;;;;;;;;
-43;67;;;;;;;;;;;;;
-42;84;;;;;;;;;;;;;
-41;76;;;;;;;;;;;;;
-40;93;;;;;;;;;;;;;
-39;103;;;;;;;;;;;;;
-38;124;;;;;;;;;;;;;
-37;116;;;;;;;;;;;;;
-36;135;;;;;;;;;;;;;
-35;124;;;;;;;;;;;;;
-34;167;;;;;;;;;;;;;
-33;166;;;;;;;;;;;;;
-32;190;;;;;;;;;;;;;
-31;211;;;;;;;;;;;;;
-30;228;;;;;;;;;;;;;
-29;279;;;;;;;;;;;;;
-28;266;;;;;;;;;;;;;
-27;299;;;;;;;;;;;;;
-26;365;;;;;;;;;;;;;
-25;359;;;;;;;;;;;;;
-24;380;;;;;;;;;;;;;
-23;431;;;;;;;;;;;;;
-22;485;;;;;;;;;;;;;
-21;556;;;;;;;;;;;;;
-20;655;;;;;;;;;;;;;
-19;702;;;;;;;;;;;;;
-18;765;;;;;;;;;;;;;
-17;867;;;;;;;;;;;;;
-16;1023;;;;;;;;;;;;;
-15;1188;;;;;;;;;;;;;
-14;1353;;;;;;;;;;;;;
-13;1549;;;;;;;;;;;;;
-12;1811;;;;;;;;;;;;;
-11;2255;;;;;;;;;;;;;
-10;2682;;;;;;;;;;;;;
-9;3242;;;;;;;;;;;;;
-8;4033;;;;;;;;;;;;;
-7;5095;;;;;;;;;;;;;
-6;6749;;;;;;;;;;;;;
-5;8943;;;;;;;;;;;;;
-4;11493;;;;;;;;;;;;;
-3;14980;;;;;;;;;;;;;
-2;19385;;;;;;;;;;;;;
-1;23698;;;;;;;;;;;;;
0;27630;;;;;;;;;;;;;
1;23838;;;;;;;;;;;;;
2;18517;;;;;;;;;;;;;
3;14195;;;;;;;;;;;;;
4;11079;;;;;;;;;;;;;
5;8763;;;;;;;;;;;;;
6;6400;;;;;;;;;;;;;
7;4878;;;;;;;;;;;;;
8;3810;;;;;;;;;;;;;
9;3177;;;;;;;;;;;;;
10;2566;;;;;;;;;;;;;
11;2078;;;;;;;;;;;;;
12;1767;;;;;;;;;;;;;
13;1476;;;;;;;;;;;;;
14;1323;;;;;;;;;;;;;
15;1150;;;;;;;;;;;;;
16;962;;;;;;;;;;;;;
17;911;;;;;;;;;;;;;
18;789;;;;;;;;;;;;;
19;651;;;;;;;;;;;;;
20;605;;;;;;;;;;;;;
21;539;;;;;;;;;;;;;
22;457;;;;;;;;;;;;;
23;472;;;;;;;;;;;;;
24;397;;;;;;;;;;;;;
25;328;;;;;;;;;;;;;
26;288;;;;;;;;;;;;;
27;268;;;;;;;;;;;;;
28;283;;;;;;;;;;;;;
29;220;;;;;;;;;;;;;
30;207;;;;;;;;;;;;;
31;173;;;;;;;;;;;;;
32;174;;;;;;;;;;;;;
33;167;;;;;;;;;;;;;
34;164;;;;;;;;;;;;;
35;143;;;;;;;;;;;;;
36;144;;;;;;;;;;;;;
37;102;;;;;;;;;;;;;
38;112;;;;;;;;;;;;;
39;89;;;;;;;;;;;;;
40;96;;;;;;;;;;;;;
41;96;;;;;;;;;;;;;
42;79;;;;;;;;;;;;;
43;74;;;;;;;;;;;;;
44;62;;;;;;;;;;;;;
45;54;;;;;;;;;;;;;
46;54;;;;;;;;;;;;;
47;45;;;;;;;;;;;;;
48;49;;;;;;;;;;;;;
49;47;;;;;;;;;;;;;
50;29;;;;;;;;;;;;;
51;32;;;;;;;;;;;;;
52;37;;;;;;;;;;;;;
53;40;;;;;;;;;;;;;
54;23;;;;;;;;;;;;;
55;19;;;;;;;;;;;;;
56;29;;;;;;;;;;;;;
57;18;;;;;;;;;;;;;
58;14;;;;;;;;;;;;;
59;15;;;;;;;;;;;;;
60;16;;;;;;;;;;;;;
61;20;;;;;;;;;;;;;
62;15;;;;;;;;;;;;;
63;13;;;;;;;;;;;;;
64;14;;;;;;;;;;;;;
65;8;;;;;;;;;;;;;
66;9;;;;;;;;;;;;;
67;10;;;;;;;;;;;;;
68;16;;;;;;;;;;;;;
69;10;;;;;;;;;;;;;
70;9;;;;;;;;;;;;;
71;2;;;;;;;;;;;;;
72;6;;;;;;;;;;;;;
73;7;;;;;;;;;;;;;
74;4;;;;;;;;;;;;;
75;3;;;;;;;;;;;;;
76;3;;;;;;;;;;;;;
77;3;;;;;;;;;;;;;
78;7;;;;;;;;;;;;;
79;7;;;;;;;;;;;;;
80;6;;;;;;;;;;;;;
81;5;;;;;;;;;;;;;
82;5;;;;;;;;;;;;;
83;4;;;;;;;;;;;;;
84;2;;;;;;;;;;;;;
85;3;;;;;;;;;;;;;
86;4;;;;;;;;;;;;;
87;3;;;;;;;;;;;;;
88;1;;;;;;;;;;;;;
89;2;;;;;;;;;;;;;
90;1;;;;;;;;;;;;;
91;2;;;;;;;;;;;;;
92;5;;;;;;;;;;;;;
93;1;;;;;;;;;;;;;
94;1;;;;;;;;;;;;;
95;1;;;;;;;;;;;;;
98;1;;;;;;;;;;;;;
99;1;;;;;;;;;;;;;
100;1;;;;;;;;;;;;;
101;2;;;;;;;;;;;;;
108;2;;;;;;;;;;;;;
109;1;;;;;;;;;;;;;
110;1;;;;;;;;;;;;;
114;1;;;;;;;;;;;;;
116;1;;;;;;;;;;;;;
;;;;;;;;;;;;;;
-127;1;;;;;;;;;;;;;
-113;1;;;;;;;;;;;;;
-105;1;;;;;;;;;;;;;
-103;1;;;;;;;;;;;;;
-100;4;;;;;;;;;;;;;
-99;1;;;;;;;;;;;;;
-96;1;;;;;;;;;;;;;
-95;1;;;;;;;;;;;;;
-94;1;;;;;;;;;;;;;
-93;4;;;;;;;;;;;;;
-92;1;;;;;;;;;;;;;
-90;1;;;;;;;;;;;;;
-89;2;;;;;;;;;;;;;
-88;3;;;;;;;;;;;;;
-87;1;;;;;;;;;;;;;
-86;2;;;;;;;;;;;;;
-85;5;;;;;;;;;;;;;
-84;3;;;;;;;;;;;;;
-83;7;;;;;;;;;;;;;
-82;3;;;;;;;;;;;;;
-81;7;;;;;;;;;;;;;
-80;1;;;;;;;;;;;;;
-79;6;;;;;;;;;;;;;
-78;11;;;;;;;;;;;;;
-77;11;;;;;;;;;;;;;
-76;8;;;;;;;;;;;;;
-75;14;;;;;;;;;;;;;
-74;6;;;;;;;;;;;;;
-73;8;;;;;;;;;;;;;
-72;16;;;;;;;;;;;;;
-71;16;;;;;;;;;;;;;
-70;19;;;;;;;;;;;;;
-69;23;;;;;;;;;;;;;
-68;21;;;;;;;;;;;;;
-67;23;;;;;;;;;;;;;
-66;27;;;;;;;;;;;;;
-65;29;;;;;;;;;;;;;
-64;36;;;;;;;;;;;;;
-63;31;;;;;;;;;;;;;
-62;43;;;;;;;;;;;;;
-61;46;;;;;;;;;;;;;
-60;38;;;;;;;;;;;;;
-59;55;;;;;;;;;;;;;
-58;53;;;;;;;;;;;;;
-57;65;;;;;;;;;;;;;
-56;62;;;;;;;;;;;;;
-55;74;;;;;;;;;;;;;
-54;81;;;;;;;;;;;;;
-53;85;;;;;;;;;;;;;
-52;104;;;;;;;;;;;;;
-51;115;;;;;;;;;;;;;
-50;96;;;;;;;;;;;;;
-49;104;;;;;;;;;;;;;
-48;160;;;;;;;;;;;;;
-47;142;;;;;;;;;;;;;
-46;166;;;;;;;;;;;;;
-45;203;;;;;;;;;;;;;
-44;201;;;;;;;;;;;;;
-43;192;;;;;;;;;;;;;
-42;215;;;;;;;;;;;;;
-41;277;;;;;;;;;;;;;
-40;303;;;;;;;;;;;;;
-39;287;;;;;;;;;;;;;
-38;311;;;;;;;;;;;;;
-37;345;;;;;;;;;;;;;
-36;392;;;;;;;;;;;;;
-35;408;;;;;;;;;;;;;
-34;453;;;;;;;;;;;;;
-33;513;;;;;;;;;;;;;
-32;527;;;;;;;;;;;;;
-31;567;;;;;;;;;;;;;
-30;641;;;;;;;;;;;;;
-29;697;;;;;;;;;;;;;
-28;745;;;;;;;;;;;;;
-27;748;;;;;;;;;;;;;
-26;860;;;;;;;;;;;;;
-25;996;;;;;;;;;;;;;
-24;1068;;;;;;;;;;;;;
-23;1101;;;;;;;;;;;;;
-22;1229;;;;;;;;;;;;;
-21;1447;;;;;;;;;;;;;
-20;1511;;;;;;;;;;;;;
-19;1563;;;;;;;;;;;;;
-18;1746;;;;;;;;;;;;;
-17;2100;;;;;;;;;;;;;
-16;2219;;;;;;;;;;;;;
-15;2202;;;;;;;;;;;;;
-14;2541;;;;;;;;;;;;;
-13;3056;;;;;;;;;;;;;
-12;3467;;;;;;;;;;;;;
-11;3441;;;;;;;;;;;;;
-10;3929;;;;;;;;;;;;;
-9;4900;;;;;;;;;;;;;
-8;5724;;;;;;;;;;;;;
-7;5705;;;;;;;;;;;;;
-6;6218;;;;;;;;;;;;;
-5;8578;;;;;;;;;;;;;
-4;11200;;;;;;;;;;;;;
-3;10667;;;;;;;;;;;;;
-2;10733;;;;;;;;;;;;;
-1;13767;;;;;;;;;;;;;
0;18809;;;;;;;;;;;;;
1;14140;;;;;;;;;;;;;
2;10492;;;;;;;;;;;;;
3;10404;;;;;;;;;;;;;
4;10988;;;;;;;;;;;;;
5;8497;;;;;;;;;;;;;
6;6253;;;;;;;;;;;;;
7;5647;;;;;;;;;;;;;
8;5716;;;;;;;;;;;;;
9;4718;;;;;;;;;;;;;
10;3713;;;;;;;;;;;;;
11;3452;;;;;;;;;;;;;
12;3405;;;;;;;;;;;;;
13;3100;;;;;;;;;;;;;
14;2477;;;;;;;;;;;;;
15;2247;;;;;;;;;;;;;
16;2129;;;;;;;;;;;;;
17;1998;;;;;;;;;;;;;
18;1647;;;;;;;;;;;;;
19;1453;;;;;;;;;;;;;
20;1506;;;;;;;;;;;;;
21;1363;;;;;;;;;;;;;
22;1219;;;;;;;;;;;;;
23;1066;;;;;;;;;;;;;
24;1033;;;;;;;;;;;;;
25;957;;;;;;;;;;;;;
26;831;;;;;;;;;;;;;
27;776;;;;;;;;;;;;;
28;755;;;;;;;;;;;;;
29;711;;;;;;;;;;;;;
30;620;;;;;;;;;;;;;
31;554;;;;;;;;;;;;;
32;526;;;;;;;;;;;;;
33;518;;;;;;;;;;;;;
34;449;;;;;;;;;;;;;
35;405;;;;;;;;;;;;;
36;381;;;;;;;;;;;;;
37;365;;;;;;;;;;;;;
38;330;;;;;;;;;;;;;
39;276;;;;;;;;;;;;;
40;248;;;;;;;;;;;;;
41;260;;;;;;;;;;;;;
42;248;;;;;;;;;;;;;
43;220;;;;;;;;;;;;;
44;172;;;;;;;;;;;;;
45;167;;;;;;;;;;;;;
46;174;;;;;;;;;;;;;
47;168;;;;;;;;;;;;;
48;133;;;;;;;;;;;;;
49;132;;;;;;;;;;;;;
50;121;;;;;;;;;;;;;
51;127;;;;;;;;;;;;;
52;96;;;;;;;;;;;;;
53;102;;;;;;;;;;;;;
54;101;;;;;;;;;;;;;
55;69;;;;;;;;;;;;;
56;81;;;;;;;;;;;;;
57;75;;;;;;;;;;;;;
58;68;;;;;;;;;;;;;
59;62;;;;;;;;;;;;;
60;52;;;;;;;;;;;;;
61;35;;;;;;;;;;;;;
62;38;;;;;;;;;;;;;
63;37;;;;;;;;;;;;;
64;25;;;;;;;;;;;;;
65;31;;;;;;;;;;;;;
66;27;;;;;;;;;;;;;
67;35;;;;;;;;;;;;;
68;18;;;;;;;;;;;;;
69;22;;;;;;;;;;;;;
70;27;;;;;;;;;;;;;
71;18;;;;;;;;;;;;;
72;12;;;;;;;;;;;;;
73;14;;;;;;;;;;;;;
74;13;;;;;;;;;;;;;
75;18;;;;;;;;;;;;;
76;11;;;;;;;;;;;;;
77;9;;;;;;;;;;;;;
78;11;;;;;;;;;;;;;
79;8;;;;;;;;;;;;;
80;3;;;;;;;;;;;;;
81;4;;;;;;;;;;;;;
82;6;;;;;;;;;;;;;
83;6;;;;;;;;;;;;;
84;3;;;;;;;;;;;;;
85;7;;;;;;;;;;;;;
86;4;;;;;;;;;;;;;
87;3;;;;;;;;;;;;;
88;3;;;;;;;;;;;;;
89;4;;;;;;;;;;;;;
90;3;;;;;;;;;;;;;
92;1;;;;;;;;;;;;;
93;3;;;;;;;;;;;;;
94;5;;;;;;;;;;;;;
96;2;;;;;;;;;;;;;
97;2;;;;;;;;;;;;;
98;1;;;;;;;;;;;;;
99;1;;;;;;;;;;;;;
100;1;;;;;;;;;;;;;
104;1;;;;;;;;;;;;;
105;2;;;;;;;;;;;;;
106;1;;;;;;;;;;;;;
112;1;;;;;;;;;;;;;
114;1;;;;;;;;;;;;;
116;1;;;;;;;;;;;;;
117;2;;;;;;;;;;;;;
;;;;;;;;;;;;;;
-188;1;;;;;;;;;;;;;
-118;1;;;;;;;;;;;;;
-117;1;;;;;;;;;;;;;
-115;2;;;;;;;;;;;;;
-113;2;;;;;;;;;;;;;
-111;1;;;;;;;;;;;;;
-109;1;;;;;;;;;;;;;
-106;1;;;;;;;;;;;;;
-105;2;;;;;;;;;;;;;
-104;1;;;;;;;;;;;;;
-101;1;;;;;;;;;;;;;
-99;1;;;;;;;;;;;;;
-97;3;;;;;;;;;;;;;
-96;2;;;;;;;;;;;;;
-95;1;;;;;;;;;;;;;
-94;2;;;;;;;;;;;;;
-93;4;;;;;;;;;;;;;
-92;3;;;;;;;;;;;;;
-91;2;;;;;;;;;;;;;
-90;5;;;;;;;;;;;;;
-89;1;;;;;;;;;;;;;
-87;6;;;;;;;;;;;;;
-86;7;;;;;;;;;;;;;
-85;4;;;;;;;;;;;;;
-84;11;;;;;;;;;;;;;
-83;4;;;;;;;;;;;;;
-82;3;;;;;;;;;;;;;
-81;7;;;;;;;;;;;;;
-80;12;;;;;;;;;;;;;
-79;6;;;;;;;;;;;;;
-78;6;;;;;;;;;;;;;
-77;8;;;;;;;;;;;;;
-76;17;;;;;;;;;;;;;
-75;6;;;;;;;;;;;;;
-74;9;;;;;;;;;;;;;
-73;6;;;;;;;;;;;;;
-72;15;;;;;;;;;;;;;
-71;6;;;;;;;;;;;;;
-70;8;;;;;;;;;;;;;
-69;11;;;;;;;;;;;;;
-68;10;;;;;;;;;;;;;
-67;18;;;;;;;;;;;;;
-66;18;;;;;;;;;;;;;
-65;17;;;;;;;;;;;;;
-64;17;;;;;;;;;;;;;
-63;19;;;;;;;;;;;;;
-62;18;;;;;;;;;;;;;
-61;28;;;;;;;;;;;;;
-60;26;;;;;;;;;;;;;
-59;25;;;;;;;;;;;;;
-58;26;;;;;;;;;;;;;
-57;41;;;;;;;;;;;;;
-56;28;;;;;;;;;;;;;
-55;34;;;;;;;;;;;;;
-54;37;;;;;;;;;;;;;
-53;34;;;;;;;;;;;;;
-52;36;;;;;;;;;;;;;
-51;64;;;;;;;;;;;;;
-50;47;;;;;;;;;;;;;
-49;44;;;;;;;;;;;;;
-48;74;;;;;;;;;;;;;
-47;57;;;;;;;;;;;;;
-46;56;;;;;;;;;;;;;
-45;81;;;;;;;;;;;;;
-44;78;;;;;;;;;;;;;
-43;75;;;;;;;;;;;;;
-42;109;;;;;;;;;;;;;
-41;104;;;;;;;;;;;;;
-40;102;;;;;;;;;;;;;
-39;130;;;;;;;;;;;;;
-38;91;;;;;;;;;;;;;
-37;116;;;;;;;;;;;;;
-36;153;;;;;;;;;;;;;
-35;144;;;;;;;;;;;;;
-34;164;;;;;;;;;;;;;
-33;231;;;;;;;;;;;;;
-32;205;;;;;;;;;;;;;
-31;200;;;;;;;;;;;;;
-30;293;;;;;;;;;;;;;
-29;280;;;;;;;;;;;;;
-28;274;;;;;;;;;;;;;
-27;341;;;;;;;;;;;;;
-26;305;;;;;;;;;;;;;
-25;361;;;;;;;;;;;;;
-24;464;;;;;;;;;;;;;
-23;446;;;;;;;;;;;;;
-22;454;;;;;;;;;;;;;
-21;618;;;;;;;;;;;;;
-20;609;;;;;;;;;;;;;
-19;682;;;;;;;;;;;;;
-18;887;;;;;;;;;;;;;
-17;845;;;;;;;;;;;;;
-16;961;;;;;;;;;;;;;
-15;1305;;;;;;;;;;;;;
-14;1209;;;;;;;;;;;;;
-13;1568;;;;;;;;;;;;;
-12;2367;;;;;;;;;;;;;
-11;2304;;;;;;;;;;;;;
-10;2732;;;;;;;;;;;;;
-9;4306;;;;;;;;;;;;;
-8;4451;;;;;;;;;;;;;
-7;5835;;;;;;;;;;;;;
-6;8921;;;;;;;;;;;;;
-5;9261;;;;;;;;;;;;;
-4;11196;;;;;;;;;;;;;
-3;16456;;;;;;;;;;;;;
-2;15807;;;;;;;;;;;;;
-1;17733;;;;;;;;;;;;;
0;24391;;;;;;;;;;;;;
1;18140;;;;;;;;;;;;;
2;16122;;;;;;;;;;;;;
3;16631;;;;;;;;;;;;;
4;11527;;;;;;;;;;;;;
5;9701;;;;;;;;;;;;;
6;9393;;;;;;;;;;;;;
7;6027;;;;;;;;;;;;;
8;4812;;;;;;;;;;;;;
9;4644;;;;;;;;;;;;;
10;2907;;;;;;;;;;;;;
11;2422;;;;;;;;;;;;;
12;2408;;;;;;;;;;;;;
13;1529;;;;;;;;;;;;;
14;1382;;;;;;;;;;;;;
15;1471;;;;;;;;;;;;;
16;989;;;;;;;;;;;;;
17;863;;;;;;;;;;;;;
18;958;;;;;;;;;;;;;
19;692;;;;;;;;;;;;;
20;605;;;;;;;;;;;;;
21;699;;;;;;;;;;;;;
22;491;;;;;;;;;;;;;
23;453;;;;;;;;;;;;;
24;498;;;;;;;;;;;;;
25;361;;;;;;;;;;;;;
26;355;;;;;;;;;;;;;
27;386;;;;;;;;;;;;;
28;279;;;;;;;;;;;;;
29;252;;;;;;;;;;;;;
30;304;;;;;;;;;;;;;
31;194;;;;;;;;;;;;;
32;213;;;;;;;;;;;;;
33;242;;;;;;;;;;;;;
34;180;;;;;;;;;;;;;
35;140;;;;;;;;;;;;;
36;181;;;;;;;;;;;;;
37;138;;;;;;;;;;;;;
38;136;;;;;;;;;;;;;
39;158;;;;;;;;;;;;;
40;123;;;;;;;;;;;;;
41;107;;;;;;;;;;;;;
42;123;;;;;;;;;;;;;
43;74;;;;;;;;;;;;;
44;89;;;;;;;;;;;;;
45;77;;;;;;;;;;;;;
46;66;;;;;;;;;;;;;
47;69;;;;;;;;;;;;;
48;65;;;;;;;;;;;;;
49;55;;;;;;;;;;;;;
50;38;;;;;;;;;;;;;
51;53;;;;;;;;;;;;;
52;41;;;;;;;;;;;;;
53;47;;;;;;;;;;;;;
54;48;;;;;;;;;;;;;
55;30;;;;;;;;;;;;;
56;45;;;;;;;;;;;;;
57;47;;;;;;;;;;;;;
58;23;;;;;;;;;;;;;
59;25;;;;;;;;;;;;;
60;38;;;;;;;;;;;;;
61;24;;;;;;;;;;;;;
62;21;;;;;;;;;;;;;
63;29;;;;;;;;;;;;;
64;24;;;;;;;;;;;;;
65;14;;;;;;;;;;;;;
66;26;;;;;;;;;;;;;
67;21;;;;;;;;;;;;;
68;22;;;;;;;;;;;;;
69;22;;;;;;;;;;;;;
70;6;;;;;;;;;;;;;
71;19;;;;;;;;;;;;;
72;9;;;;;;;;;;;;;
73;12;;;;;;;;;;;;;
74;11;;;;;;;;;;;;;
75;5;;;;;;;;;;;;;
76;12;;;;;;;;;;;;;
77;4;;;;;;;;;;;;;
78;6;;;;;;;;;;;;;
79;6;;;;;;;;;;;;;
80;6;;;;;;;;;;;;;
81;4;;;;;;;;;;;;;
82;3;;;;;;;;;;;;;
83;6;;;;;;;;;;;;;
84;3;;;;;;;;;;;;;
85;2;;;;;;;;;;;;;
86;1;;;;;;;;;;;;;
88;2;;;;;;;;;;;;;
90;2;;;;;;;;;;;;;
91;1;;;;;;;;;;;;;
92;1;;;;;;;;;;;;;
95;1;;;;;;;;;;;;;
96;2;;;;;;;;;;;;;
97;1;;;;;;;;;;;;;
101;3;;;;;;;;;;;;;
104;2;;;;;;;;;;;;;
106;1;;;;;;;;;;;;;
108;1;;;;;;;;;;;;;
109;2;;;;;;;;;;;;;
114;1;;;;;;;;;;;;;
116;1;;;;;;;;;;;;;
117;1;;;;;;;;;;;;;
119;1;;;;;;;;;;;;;
125;1;;;;;;;;;;;;;
126;1;;;;;;;;;;;;;
137;1;;;;;;;;;;;;;
170;1;;;;;;;;;;;;;
182;1;;;;;;;;;;;;;
;;;;;;;;;;;;;;
-48;1;;;;;;;;;;;;;
-47;1;;;;;;;;;;;;;
-46;3;;;;;;;;;;;;;
-43;2;;;;;;;;;;;;;
-42;1;;;;;;;;;;;;;
-41;1;;;;;;;;;;;;;
-39;1;;;;;;;;;;;;;
-38;1;;;;;;;;;;;;;
-37;2;;;;;;;;;;;;;
-36;3;;;;;;;;;;;;;
-35;4;;;;;;;;;;;;;
-34;1;;;;;;;;;;;;;
-33;4;;;;;;;;;;;;;
-32;3;;;;;;;;;;;;;
-31;4;;;;;;;;;;;;;
-30;5;;;;;;;;;;;;;
-29;5;;;;;;;;;;;;;
-28;8;;;;;;;;;;;;;
-27;8;;;;;;;;;;;;;
-26;7;;;;;;;;;;;;;
-25;12;;;;;;;;;;;;;
-24;13;;;;;;;;;;;;;
-23;11;;;;;;;;;;;;;
-22;21;;;;;;;;;;;;;
-21;27;;;;;;;;;;;;;
-20;25;;;;;;;;;;;;;
-19;33;;;;;;;;;;;;;
-18;57;;;;;;;;;;;;;
-17;71;;;;;;;;;;;;;
-16;86;;;;;;;;;;;;;
-15;118;;;;;;;;;;;;;
-14;181;;;;;;;;;;;;;
-13;305;;;;;;;;;;;;;
-12;400;;;;;;;;;;;;;
-11;586;;;;;;;;;;;;;
-10;829;;;;;;;;;;;;;
-9;1267;;;;;;;;;;;;;
-8;1806;;;;;;;;;;;;;
-7;2714;;;;;;;;;;;;;
-6;4033;;;;;;;;;;;;;
-5;5899;;;;;;;;;;;;;
-4;8995;;;;;;;;;;;;;
-3;14032;;;;;;;;;;;;;
-2;23805;;;;;;;;;;;;;
-1;40066;;;;;;;;;;;;;
0;51218;;;;;;;;;;;;;
1;40114;;;;;;;;;;;;;
2;23936;;;;;;;;;;;;;
3;13519;;;;;;;;;;;;;
4;8250;;;;;;;;;;;;;
5;5606;;;;;;;;;;;;;
6;3850;;;;;;;;;;;;;
7;2675;;;;;;;;;;;;;
8;1889;;;;;;;;;;;;;
9;1356;;;;;;;;;;;;;
10;854;;;;;;;;;;;;;
11;617;;;;;;;;;;;;;
12;425;;;;;;;;;;;;;
13;320;;;;;;;;;;;;;
14;241;;;;;;;;;;;;;
15;171;;;;;;;;;;;;;
16;121;;;;;;;;;;;;;
17;95;;;;;;;;;;;;;
18;81;;;;;;;;;;;;;
19;54;;;;;;;;;;;;;
20;46;;;;;;;;;;;;;
21;33;;;;;;;;;;;;;
22;32;;;;;;;;;;;;;
23;26;;;;;;;;;;;;;
24;29;;;;;;;;;;;;;
25;17;;;;;;;;;;;;;
26;12;;;;;;;;;;;;;
27;13;;;;;;;;;;;;;
28;8;;;;;;;;;;;;;
29;9;;;;;;;;;;;;;
30;12;;;;;;;;;;;;;
31;5;;;;;;;;;;;;;
32;8;;;;;;;;;;;;;
33;2;;;;;;;;;;;;;
34;3;;;;;;;;;;;;;
35;2;;;;;;;;;;;;;
36;8;;;;;;;;;;;;;
37;2;;;;;;;;;;;;;
38;1;;;;;;;;;;;;;
39;1;;;;;;;;;;;;;
41;1;;;;;;;;;;;;;
44;1;;;;;;;;;;;;;
53;1;;;;;;;;;;;;;
